자리	판	예시번호	무드	상황	말하는 사람	조각	글	글자수	소리내어읽으면초	아이디	키	바뀜
첫인사	없음	1	담백		신랑		안녕하세요, 신랑 이서준입니다. 바쁘신 중에 와 주셔서 고맙습니다. 오늘 저희 두 사람이 준비한 이야기를 들려드리겠습니다.	68	14	06_welcome-groom	welcome	고침
첫인사	없음	1	담백		신부		신부 정하윤입니다. 여기 와 계신 한 분 한 분 얼굴을 뵈니 참 든든합니다. 오늘 하루, 저희 곁에 있어 주세요.	63	13	07_welcome-bride	welcome	고침
첫인사	없음	2	다정		신랑		안녕하세요, 신랑 이서준입니다. 오랜만에 뵙는 분도 계시고, 어제 통화한 친구도 보이네요. 이렇게 한자리에 모여 계시니 정말 반갑습니다.	76	16	601_welcome-groom	welcome	고침
첫인사	없음	2	다정		신부		신부 정하윤입니다. 오늘은 편하게 앉으셔서 저희 둘이 시작하는 모습 천천히 봐 주세요. 와 주셔서 정말 고맙습니다.	64	13	602_welcome-bride	welcome	그대로
첫인사	없음	3	유머+진심		신랑		안녕하세요, 신랑 이서준입니다. 방금 들어오면서 넘어지지 않았으니, 오늘 제일 걱정하던 일은 지나갔습니다. 이제 조금 있다 드릴 약속만 잘 지키면 됩니다.	86	18	701_welcome-groom	welcome	그대로
첫인사	없음	3	유머+진심		신부		신부 정하윤입니다. 신랑이 인사를 너무 잘해서 저는 짧게 하겠습니다. 오늘 이렇게 와 주셔서 참 고맙습니다.	60	12	702_welcome-bride	welcome	그대로
첫인사	없음	4	격식		신랑		안녕하십니까, 신랑 이서준입니다. 귀한 주말에 먼 길 와 주신 여러분께 머리 숙여 감사드립니다. 오늘 저희가 드리는 약속의 증인이 되어 주십시오.	81	17	801_welcome-groom	welcome	새
첫인사	없음	4	격식		신부		신부 정하윤입니다. 저희 두 사람을 아끼고 가르쳐 주신 분들이 오늘 이 자리에 와 계십니다. 그 마음 받은 만큼 잘 살겠습니다. 감사합니다.	78	16	802_welcome-bride	welcome	새
첫인사	없음	5	짧게		신랑		신랑 이서준입니다. 와 주셔서 정말 감사합니다. 끝까지 함께해 주세요.	39	8	901_welcome-groom	welcome	새
첫인사	없음	5	짧게		신부		신부 정하윤입니다. 이렇게 와 주신 것만으로도 저희한테는 큰 힘이 됩니다. 고맙습니다.	48	10	902_welcome-bride	welcome	새
첫인사	없음	6	장면 하나		신랑		안녕하세요, 신랑 이서준입니다. 오늘 아침에 넥타이를 몇 번이나 다시 맸는지 모릅니다. 그래도 여러분 얼굴을 보니 좀 나아졌습니다.	73	15	1001_welcome-groom	welcome	새
첫인사	없음	6	장면 하나		신부		신부 정하윤입니다. 제 돌잔치 사진 속에서 저를 안고 계시던 이모가 오늘 이 자리에도 와 계세요. 그때도 오늘도 와 주셔서 고맙습니다.	75	15	1002_welcome-bride	welcome	새
혼인 서약	없음	1	장면 하나		신랑		하윤아. 너는 생각이 많은 날엔 설거지를 오래 해. 컵 하나를 몇 번씩 헹구고, 다 씻은 냄비를 또 꺼내서 닦아. 그걸 알아채는 데 삼 년이 걸렸어. 그동안 나는 거실에서 그 물소리를 듣고도 그냥 앉아 있었지. 앞으로 그런 날엔 내가 마른 행주를 들고 옆에 설게. 네가 헹구면 내가 닦고, 마지막 숟가락까지 같이 정리할게.	180	36	08_vow-groom	vow	고침
혼인 서약	없음	1	장면 하나		신부		서준아. 나는 너한테만은 할 말을 다 하잖아. 예전에 내가 너한테 삼십 분을 따진 적이 있었지. 너는 다 듣고 나서 밥 먹었냐고 물었어. 그때 좀 졌다고 생각했어. 앞으로도 따질 일은 생기겠지. 그래도 다 따지고 나면 내가 먼저 밥 먹었냐고 물을게. 네가 따질 일이 생기면 그땐 내가 삼십 분 다 들을게. 밥값은 내가 낼게.	181	37	09_vow-bride	vow	고침
혼인 서약	없음	2	담백		신랑		하윤 씨. 아침에 제가 먼저 일어나면 커피는 두 잔 내리겠습니다. 야근하게 되면 회사에서 나서기 전에 꼭 연락하고요. 장 보러 가면 무거운 봉지는 다 제 쪽으로 주세요. 주말 아침 청소기는 제가 돌리겠습니다. 어머님 아버님 생신은 제 휴대폰 달력에 제일 먼저 적어 두겠습니다.	154	31	603_vow-groom	vow	고침
혼인 서약	없음	2	담백		신부		서준 씨. 월급날엔 가계부를 둘이 같이 펴 보겠습니다. 일요일 아침 늦잠은 깨우지 않을게요. 분리수거는 같이 들고 내려가요. 그리고 서준 씨가 힘든 날엔 이유를 묻기 전에 옆에 앉겠습니다. 따뜻한 보리차도 한 잔 타 놓고요.	125	25	604_vow-bride	vow	고침
혼인 서약	없음	3	유머+진심		신랑		하윤아. 미리 말해 둘게. 나는 앞으로도 양말을 뒤집어 벗을 거야. 그래도 빨래 바구니에는 꼭 넣을게. 드라마 보다가 잠들면 깨워 달라는 부탁은 두 번까지 들어줄게. 세 번째부터는 담요 덮어 주고 텔레비전은 내가 끌게. 네가 고른 영화가 재미없어도 끝까지 볼게. 그리고 마지막 남은 만두는 평생 네 거야.	170	34	703_vow-groom	vow	고침
혼인 서약	없음	3	유머+진심		신부		서준아. 너는 내비가 알려 주는 길로 절대 안 가잖아. 그래서 우리 여행은 늘 한 시간씩 늦었어. 그 덕에 휴게소 우동도 먹고, 잘못 들어간 바닷가도 봤지. 앞으로 운전은 내가 할게. 너는 옆에서 좋아하는 노래나 계속 불러 줘. 가끔은 네가 아는 길로도 가 줄게. 한 시간 늦으면 우동은 네가 사는 거야.	170	34	704_vow-bride	vow	고침
혼인 서약	없음	4	격식		신랑		나 이서준은 정하윤을 아내로 맞아, 기쁠 때나 어려울 때나 곁을 지키겠습니다. 아내의 이야기를 끝까지 듣고, 아내의 가족을 제 가족처럼 모시겠습니다. 하윤 씨가 새로운 일을 시작할 때마다, 누구보다 먼저 응원하겠습니다.	122	25	803_vow-groom	vow	새
혼인 서약	없음	4	격식		신부		나 정하윤은 이서준을 남편으로 맞아, 기쁠 때나 어려울 때나 함께하겠습니다. 남편을 믿고 존중하며, 남편의 가족을 제 가족처럼 아끼겠습니다. 서준 씨가 아픈 날에는 제가 먼저 휴가를 내고 병원에 함께 가겠습니다.	118	24	804_vow-bride	vow	새
혼인 서약	없음	5	짧게		신랑		하윤아. 나는 말주변이 없어서 오늘은 짧게 할게. 누가 뭐래도 네 편 들게.	42	9	903_vow-groom	vow	새
혼인 서약	없음	5	짧게		신부		서준아. 나랑 결혼해 줘서 고마워. 너 웃는 얼굴, 매일 아침 제일 먼저 볼게.	44	9	904_vow-bride	vow	새
혼인 서약	없음	6	다정		신랑		하윤아. 요즘 내 하루는 네 메시지로 시작해. 일어났냐는 한마디, 퇴근했냐는 한마디. 별말 아닌데 그게 제일 기다려져. 앞으로 아침 인사는 메시지 말고 옆에서 직접 할게. 아프면 약 챙겨 주고, 늦게 끝나면 역까지 데리러 갈게.	127	26	1003_vow-groom	vow	새
혼인 서약	없음	6	다정		신부		서준아. 너는 내가 무슨 말을 해도 끝까지 들어 줘. 재미없는 회사 얘기도, 어제 한 말을 또 해도. 중간에 휴대폰 한 번을 안 봐. 그래서 나는 저녁 먹고 너랑 얘기하는 시간이 하루 중에 제일 좋아. 앞으로도 그 시간은 꼭 비워 둘게.	132	27	1004_vow-bride	vow	새
혼인 서약	없음	7	솔직하게		신랑		하윤아. 솔직히 말하면 나는 아직도 겁이 나. 좋은 남편이 뭔지 잘 모르겠고, 우리 아버지만큼 잘할 자신도 없어. 그래도 겁이 날 때 너한테 숨기지는 않을게. 모르면 모른다고 하고, 틀리면 틀렸다고 할게. 그렇게 둘이 하나씩 배워 가자.	132	27	1101_vow-groom	vow	새
혼인 서약	없음	7	솔직하게		신부		서준아. 나는 미안하다는 말을 잘 못해. 내가 잘못한 걸 알면서도 괜히 딴 얘기부터 꺼내. 그럴 때마다 네가 먼저 말을 걸어 줬지. 이제는 내가 먼저 할게. 그날 밤을 넘기지 않고 미안하다고 말할게. 말이 안 나오면 쪽지라도 써서 냉장고에 붙여 놓을게.	141	29	1102_vow-bride	vow	새
편지	각자 부모님께	1	장면 하나		신랑		아버지, 어머니. 제가 처음 혼자 살 집으로 이사하던 날, 어머니는 짐을 옮기시고는 제 방 형광등부터 갈아 끼우셨지요. 멀쩡한 걸 왜 바꾸시냐고 했더니 곧 나갈 거라고 하셨습니다. 새로 끼운 등은 제가 그 집을 나올 때까지 멀쩡했습니다. 아버지는 냉장고에 반찬을 채워 주시고, 뚜껑마다 날짜를 적어 두셨고요. 저는 그 날짜를 한 번도 못 지켰습니다. 빈 반찬통은 주말마다 들고 가서 또 채워 왔지요. 하윤이랑 살 집 형광등은 이번엔 제가 갈겠습니다. 반찬 뚜껑에 적힌 날짜도 이제는 지키겠습니다. 늘 고맙습니다.	286	58	501_letter-parent-groom	letter:parent	고침
편지	각자 부모님께	1	장면 하나		신부		엄마, 아빠. 스물아홉 해를 두 분과 한집에서 살았어요. 이삿짐 싸서 나오던 날 아침에 엄마가 제 가방을 한 번 더 열어 보셨죠. 뭘 넣으시려던 건지 저는 물어보지도 않고 나왔어요. 아빠는 현관까지만 나오시고 거기 서 계셨고요. 차가 골목을 돌 때까지 그대로 서 계신 거, 저 다 봤어요. 엄마, 그날 넣으시려던 거 다음에 갈 때 주세요. 아빠, 오늘은 여기까지 와 주셔서 고마워요.	214	43	10_letter-parent	letter:parent	고침
편지	각자 부모님께	2	담백		신랑		아버지, 어머니. 대학 이 학년 때 제가 전공을 바꾸겠다고 했을 때, 두 분은 걱정을 한참 하시다가 마지막엔 해 보라고 하셨습니다. 그날 저녁 아버지는 새 시간표를 뽑아서 제 책상 앞에 붙여 주셨지요. 믿어 주셔서 고맙습니다. 오늘부터 저희 둘이 한 가정을 꾸립니다. 하윤이가 뭘 해 보겠다고 하면, 저도 걱정은 좀 하다가 마지막엔 제일 먼저 거들겠습니다.	199	40	605_letter-parent-groom	letter:parent	고침
편지	각자 부모님께	2	담백		신부		엄마, 아빠. 저를 키워 주셔서 고맙습니다. 두 분은 지금도 서로 존댓말을 쓰시죠. 고마워요, 먼저 드세요, 조심히 다녀와요. 우리 집에서 제일 많이 들리던 말이에요. 어릴 땐 그게 좀 신기했어요. 서준이랑 저도 그렇게 말하면서 살게요. 결혼해도 저는 두 분 딸이에요. 이제는 두 분이 기다리시기 전에 제가 전화드릴게요.	179	36	606_letter-parent-bride	letter:parent	고침
편지	각자 부모님께	3	다정		신랑		엄마, 아빠. 오늘은 오랜만에 이렇게 불러 볼게요. 아빠는 겨울이면 퇴근길에 붕어빵을 한 봉지씩 사 오셨죠. 식을까 봐 늘 점퍼 안에 넣어 오셨고요. 엄마는 그걸 꼭 반으로 갈라 식혀 주셨죠. 저는 늘 꼬리부터 먹었고 엄마는 늘 머리를 드셨어요. 이제는 제가 봉지를 들고 갈게요. 아빠처럼 점퍼 안에 넣어서요. 이번엔 머리는 제가 먹고, 꼬리는 엄마 드릴게요.	201	41	705_letter-parent-groom	letter:parent	고침
편지	각자 부모님께	3	다정		신부		엄마, 아빠. 내 방 창문으로 가로등이 하나 보였잖아. 밤늦게 들어올 때마다 그 가로등 밑에 엄마 차가 서 있었어. 데리러 온 건 아니라고, 그냥 바람 쐬러 나왔다고 했지. 아빠는 내가 현관문 여는 소리가 나야 불을 끄고 잤고. 이제 그 가로등 밑에서 안 기다려도 돼. 걱정은 조금만 하고 푹 자. 요즘은 내가 늦으면 서준이가 안 자고 기다려. 나도 서준이 늦는 날엔 현관문 소리 날 때까지 불 켜 놓고 있을게. 사랑해.	235	47	706_letter-parent-bride	letter:parent	고침
편지	각자 부모님께	4	격식		신랑		아버지, 어머니께. 오늘 이 자리를 빌려 두 분께 인사를 올립니다. 저를 낳아 주시고, 먹이고 가르치시느라 두 분의 젊은 날을 다 쓰셨습니다. 고등학교 삼 년 동안 새벽마다 도시락을 싸 주신 아버지, 제 교복 이름표를 손수 달아 주시던 어머니를 기억합니다. 이제 한 가정을 꾸리는 사람으로서, 두 분이 저를 믿어 주신 것처럼 저희도 서로 믿으며 살겠습니다. 감사합니다.	206	42	805_letter-parent-groom	letter:parent	새
편지	각자 부모님께	4	격식		신부		어머니, 아버지께. 오늘 저는 서준 씨와 새 가정을 이룹니다. 지금까지 한결같이 보살펴 주셔서 감사합니다. 제가 첫 출근을 하던 날, 어머니는 새 구두를 신겨 주셨고, 아버지는 손수 쓰신 편지를 가방에 넣어 주셨지요. 그 편지는 아직 제 책상 서랍에 있습니다. 답장이 많이 늦었습니다. 이 편지가 그 답장입니다.	174	35	806_letter-parent-bride	letter:parent	새
편지	각자 부모님께	5	유머+진심		신랑		엄마, 아빠. 저 이제 진짜 독립합니다. 학교 다닐 땐 집에 오자마자 냉장고부터 열고 먹을 거 없냐고 소리쳤죠. 그럴 때마다 식탁엔 뭐라도 올라와 있었고요. 앞으로 하윤이가 먹을 거 없냐고 물으면, 이번엔 제가 식탁에 뭐라도 올려 두겠습니다. 냉장고는 이제 두 분 드실 걸로만 채우세요.	160	32	905_letter-parent-groom	letter:parent	새
편지	각자 부모님께	5	유머+진심		신부		엄마, 아빠. 해마다 생일 아침이면 제 방 문틀에 키를 재서 금을 그어 주셨죠. 엄마가 자를 대고, 아빠가 볼펜으로 긋고요. 고등학생 때부터는 키가 그대로였는데, 금은 해마다 조금씩 올라갔어요. 아빠 볼펜이 늘 위로 살짝 미끄러졌거든요. 그 금대로라면 저는 지금 서준이보다 커요. 다음에 서준이랑 같이 가면, 저희 둘 나란히 세워 놓고 한 번 더 재 주세요.	200	40	906_letter-parent-bride	letter:parent	새
편지	각자 부모님께	6	짧게	한 분께	신랑		어머니. 길게 쓰면 목이 멜 것 같아 짧게 씁니다. 키워 주셔서 고맙습니다. 이제 제가 잘하겠습니다.	56	12	1005_letter-parent-groom	letter:parent	새
편지	각자 부모님께	6	짧게	한 분께	신부		아빠. 이 드레스 입은 모습, 제일 먼저 보여 드리고 싶었어요. 키워 주셔서 고마워요, 사랑해요.	54	11	1006_letter-parent-bride	letter:parent	새
편지	각자 부모님께	7	그리움	그리움	신랑		엄마. 오늘 저 장가가요. 엄마가 떠 주신 회색 목도리, 오늘 아침에도 한 번 둘러 보고 나왔어요. 올이 좀 풀렸는데 지난겨울에 하윤이가 꿰매 줬어요. 엄마가 보셨으면 하윤이 손부터 잡으셨을 거예요. 아버지, 그동안 혼자 애 많이 쓰셨습니다. 올겨울 아버지 목도리는 하윤이랑 같이 골라 드릴게요. 엄마, 보고 싶어요.	177	36	1103_letter-parent-groom	letter:parent	새
편지	각자 부모님께	7	그리움	그리움	신부		아빠. 어제 엄마가 아빠 옥편을 꺼내 보여 주셨어요. 제 이름 지으실 때 연필로 동그라미 쳐 두신 글자가 그대로 있더라고요. 서준이가 옆에서 그 동그라미를 한참 들여다봤어요. 아빠 얘기를 하도 많이 들어서 꼭 한번 뵙고 싶었대요. 엄마, 그동안 아빠 몫까지 해 줘서 고마워요. 아빠, 오늘 그 이름으로 결혼해요. 보고 싶어요.	182	37	1104_letter-parent-bride	letter:parent	새
편지	서로에게	1	장면 하나		신랑		하윤아. 나는 안 괜찮으면 바로 티가 나. 회사에서 안 좋은 일이 있던 날은 현관문 닫는 소리부터 다르대. 그런 날 너는 하던 걸 멈추고 내 얘기를 끝까지 들어. 중간에 끊지도 않고, 다 듣고 나서 딱 한마디만 해. 그랬구나. 나는 그 한마디에 반은 풀려. 네 옆에 있다 보니 나도 좀 달라졌어. 말이 느려지고, 목소리도 좀 낮아졌대. 그래도 아직 급할 때가 많아. 그럴 땐 내 팔을 한 번 잡아 줘. 숨 한 번 쉬고 다시 말할게. 그리고 네가 속상한 날엔 내가 끝까지 듣고, 그랬구나 할게.	275	55	11_letter-each	letter:each	고침
편지	서로에게	1	장면 하나		신부		서준아. 우리 처음 만난 날, 너 우산 없었던 거 기억나? 비가 그렇게 오는데 너는 괜찮다고 뛰어가겠다고 했어. 내가 같이 쓰자고 하니까, 네가 우산을 받아 들고는 자꾸 내 쪽으로만 기울였지. 똑바로 들라고 해도 계속 그러더라. 역에 도착했을 때 네 한쪽 어깨가 다 젖어 있었어. 너는 그걸 툭툭 털면서 괜찮다고 웃었지. 그 뒤로도 같이 우산을 쓰면 네 한쪽 어깨는 늘 젖어 있었어. 그래서 이번에 큰 우산을 하나 샀어. 이제는 우산을 반씩 쓰자.	250	50	502_letter-each-bride	letter:each	그대로
편지	서로에게	2	담백		신랑		하윤 씨에게. 우리는 매일 저녁 오늘 뭐 했는지 말하고, 자기 전에 내일 뭐 할지 말하잖아요. 어제는 하윤 씨가 점심에 먹은 김밥 얘기를 십 분 동안 했죠. 저는 그런 얘기를 듣는 게 제일 좋아요. 그래서 오늘도 매일 하던 말을 한 번 더 할게요. 오늘도 고마웠어요. 내일도 잘 부탁해요. 이 두 마디는 내일 밤에도 자기 전에 또 할게요.	189	38	607_letter-each-groom	letter:each	고침
편지	서로에게	2	담백		신부		서준 씨에게. 서준 씨는 약속 장소에 늘 십 분 먼저 와 있어요. 제가 늦는 날에도 한 번도 재촉한 적이 없죠. 그 십 분 동안 뭘 하냐고 물었더니, 제가 올 쪽을 보고 있다고 했어요. 그 말을 듣고 나서부터 저도 조금씩 일찍 나가게 됐어요. 이제는 한집에서 같이 나서니까 기다릴 일이 없겠네요. 그래도 가끔은 제가 먼저 가서 서준 씨가 올 쪽을 보고 있을게요.	202	41	608_letter-each-bride	letter:each	고침
편지	서로에게	3	유머+진심		신랑		하윤아. 너한테 편지 쓰는 건 이번이 두 번째야. 첫 번째는 사귄 지 백 일 때였는데, 네가 맞춤법을 다섯 개 고쳐서 돌려줬지. 그래서 이번엔 몇 번이나 읽고 가져왔어. 아마 그래도 하나는 틀렸을 거야. 찾으면 이번에도 빨간 펜으로 고쳐서 돌려줘. 내가 대충 넘기는 걸 너는 끝까지 챙기잖아. 나는 그런 네가 좋아. 네가 너무 애쓰는 날엔 이제 내가 대충 해도 된다고 말해 줄게.	212	43	707_letter-each-groom	letter:each	고침
편지	서로에게	3	유머+진심		신부		서준아. 네 책상 서랍에 영수증이 가득한 거 나 봤어. 우리가 같이 간 식당이랑 영화관 영수증이지. 처음엔 치워 주려고 꺼냈는데 날짜순으로 모아 놨더라. 맨 앞에 우리 첫 데이트 때 먹은 파스타 영수증이 있었어. 나도 모르게 한참 앉아서 다 읽었어. 그런데 서준아, 이제 서랍이 모자랄 거야. 앞으로 모을 게 훨씬 많거든. 서랍은 내가 하나 더 사 줄게. 첫 데이트 영수증은 계속 맨 앞에 둬.	220	44	708_letter-each-bride	letter:each	고침
편지	서로에게	4	다정		신랑		하윤아. 우리 같이 살 집 보러 다니던 날, 부동산 사장님이 이 집은 해가 잘 든다고 하니까 너는 창문부터 열어 봤지. 그 집은 결국 해가 잘 안 들었어. 그래도 너는 매일 아침 커튼부터 열어. 그 모습 보면서 하루를 시작하는 게 요즘 제일 좋아. 앞으로 어떤 집에 살든, 커튼은 네가 열고 아침은 내가 차릴게.	174	35	807_letter-each-groom	letter:each	새
편지	서로에게	4	다정		신부		서준아. 너는 내가 차에서 먼저 잠들면 라디오 소리를 줄이고 히터를 한 칸 올려 주잖아. 가끔은 나 깨어 있었어. 좋아서 가만히 있었던 거야. 나도 네가 소파에서 먼저 잠든 날엔 불 끄고, 휴대폰 충전기 꽂아 놓을게. 잘 자라는 말은 매일 할게.	137	28	808_letter-each-bride	letter:each	새
편지	서로에게	5	솔직하게		신랑		하윤아. 나는 너한테 미안한 게 많아. 바쁘다고 약속을 미룬 날, 피곤하다고 대답을 대충 한 날. 너는 괜찮다고 했지만 나는 그날들이 다 기억나. 앞으로 그런 날이 또 올 거야. 그때마다 바로 미안하다고 할게. 말로만 끝내지 않고, 그다음 주말은 통째로 너한테 비워 둘게.	152	31	907_letter-each-groom	letter:each	새
편지	서로에게	5	솔직하게		신부		서준아. 결혼 날짜를 잡은 날, 나 솔직히 좀 겁났어. 그날 밤 잠이 안 와서 너한테 전화로 괜히 겁난다고 했지. 전화를 끊고 한 시간쯤 지나서, 네가 편의점 아이스크림 두 개를 사 들고 우리 집 앞에 와 있었어. 둘이 계단에 앉아서 그걸 다 먹을 때까지 너는 아무것도 안 물었어. 그날부터 겁이 좀 줄었어. 앞으로 냉동실엔 아이스크림 꼭 두 개씩 넣어 둘게.	201	41	908_letter-each-bride	letter:each	새
편지	서로에게	6	짧게		신랑		하윤아. 내 휴대폰에 너는 아직 정하윤으로 저장돼 있어. 오늘 밤에는 그 이름 앞에 아내라고 붙여 둘게.	58	12	1007_letter-each-groom	letter:each	새
편지	서로에게	6	짧게		신부		서준아. 오늘 입은 셔츠, 내가 골라 준 거 맞지? 역시 잘 어울려. 평생 내가 골라 줄게.	51	11	1008_letter-each-bride	letter:each	새
부모님 덕담	없음	1	장면 하나		신랑 아버지		이 년 전 어느 저녁, 서준이가 결혼하고 싶은 사람이 있다고 했습니다. 둘 다 스물일곱이었지요. 저는 대뜸 뭐가 그리 급하냐고 했습니다. 서준이는 급한 게 아니라 확실한 거라고 하더군요. 저는 살아 봐야 안다고 괜히 어른 티를 냈습니다. 그 뒤로 두 사람이 우리 집에 올 때마다, 밥상에서 서로 반찬을 밀어 주는 걸 봤습니다. 그걸 보면서 그날 한 말은 슬그머니 거둬들였습니다. 오늘은 여러분 앞에서 정식으로 거둡니다. 서준아, 하윤아. 지금처럼 반찬 밀어 주면서 살아라.	264	53	12_bless-father	bless	고침
부모님 덕담	없음	1	장면 하나		신부 어머니		하윤이 엄마입니다. 저는 뭐든 빨리 정해야 속이 풀리는 사람입니다. 하윤이는 양말 한 켤레를 사도 한참을 고르고요. 몇 달 전 셋이 신혼집 소파를 보러 갔을 때도, 하윤이가 두 개를 놓고 한 시간을 고민했습니다. 제가 아무거나 사라고 재촉하는데 서준이가 그러더라고요. 어머님, 저 오늘 하루 다 비워 왔어요. 저는 그 말을 듣고 매장 소파에 가서 앉았습니다. 서준아, 고맙다. 하윤아, 너도 서준이가 뭘 고를 땐 그렇게 기다려 줘라. 엄마는 그거면 된다.	254	51	13_bless-mother	bless	고침
부모님 덕담	없음	2	담백		신랑 아버지		신랑 아버지 이만수입니다. 귀한 걸음 해 주신 여러분께 감사드립니다. 두 사람에게 세 가지만 부탁하겠습니다. 첫째, 밥은 같이 먹어라. 바빠도 하루 한 끼는 마주 앉아라. 둘째, 고맙다는 말은 아끼지 마라. 생각났을 때 바로 해라. 셋째, 우리 걱정은 하지 마라. 우리는 우리대로 잘 지낸다. 너희 둘이 잘 지내는 게 우리한테는 제일 큰 선물이다. 서준아, 하윤아. 결혼 축하한다.	213	43	609_bless-father	bless	고침
부모님 덕담	없음	2	담백		신부 어머니		신부 어머니 김영자입니다. 오늘 이 자리에 서니 하윤이가 처음 학교 가던 날이 생각납니다. 저는 교문 앞에서 한참을 서 있었어요. 한 번은 뒤를 돌아볼 줄 알았는데 끝까지 안 돌아보더라고요. 서운하면서도 대견했습니다. 서준아, 우리 하윤이 많이 아껴 줘라. 하윤아, 너도 서준이 잘 챙겨라. 누가 먼저랄 것 없이 서로 챙기면서 살아라.	187	38	610_bless-mother	bless	고침
부모님 덕담	없음	3	유머+진심		신랑 아버지		서준이 아버지입니다. 서준이가 어릴 때 제 구두를 신고 현관을 쿵쾅거리며 돌아다니곤 했습니다. 헐렁해서 한 걸음마다 벗겨지는데도 그렇게 좋아하더군요. 어젯밤엔 제가 서준이 구두를 닦아 줬습니다. 이제는 서준이 발이 저보다 두 치수나 커서, 제 것 닦을 때보다 한참 오래 걸렸습니다. 서준아, 그 구두 신고 하윤이랑 좋은 데 많이 다녀라. 밑창이 다 닳도록. 하윤아, 서준이가 고집부리면 발을 한 번 밟아 줘라. 내가 허락한다.	238	48	709_bless-father	bless	고침
부모님 덕담	없음	3	유머+진심		신부 어머니		신부 엄마입니다. 오늘은 서준이한테 인수인계를 좀 하려고 합니다. 하윤이는 아침잠이 많습니다. 알람은 세 번 울려야 겨우 몸을 돌립니다. 그래도 안 일어나면 된장찌개를 끓이면 됩니다. 냄새가 나면 일어납니다. 서른 해 가까이 제가 하던 일인데, 오늘부터는 서준이 몫입니다. 서준아, 힘들면 엄마한테 전화해라. 찌개 끓이는 법은 알려 줄게. 하윤아, 너도 가끔은 먼저 일어나서 서준이 깨워 줘라. 찌개까지는 안 바란다.	233	47	710_bless-mother	bless	고침
부모님 덕담	없음	4	격식		신부 아버지		신부 아버지입니다. 오늘 이 자리를 빛내 주신 여러분께 감사드립니다. 이 서방, 이제 자네도 우리 식구일세. 지난해 내 퇴임식 날, 자네가 하윤이와 같이 와서 박수를 제일 오래 쳐 주었지. 나중에 보니 손바닥이 벌겋더군. 그날 나는 자네를 사위로 마음에 정했네. 하윤아, 이 서방한테 좋은 일이 생기면 너도 그렇게 손바닥이 벌게지도록 박수 쳐 줘라. 두 사람의 앞날을 축복한다.	211	43	809_bless-bride-father	bless	새
부모님 덕담	없음	4	격식		신랑 어머니		신랑 어머니입니다. 하윤이를 이렇게 반듯하게 키워 주신 사돈댁에 먼저 깊이 감사드립니다. 서준이는 초등학생 때부터 저와 길을 걸으면 꼭 차도 쪽에 섰습니다. 안쪽으로 오라고 해도 한 번을 안 바꾸더군요. 서준아, 이제는 하윤이 옆에서 그 자리에 서라. 하윤아, 며느리라고 어려워하지 말고 우리 집엔 편할 때 편하게 와라. 두 사람, 서로 존중하며 행복하게 살아라.	203	41	810_bless-groom-mother	bless	새
부모님 덕담	없음	5	다정		신부 아버지		하윤이 아빠입니다. 하윤이가 어릴 때는 제 퇴근 시간만 되면 현관에 나와 앉아 있었습니다. 신발 소리가 나면 제일 먼저 문을 열어 줬지요. 요즘도 퇴근하고 들어가면 현관부터 한 번 봅니다. 서준아, 하윤이는 잘 웃는 아이다. 그 웃음 오래 지켜 줘라. 하윤아, 힘들 땐 언제든 아빠한테 전화해라. 아빠 전화는 늘 켜져 있다.	181	37	909_bless-bride-father	bless	새
부모님 덕담	없음	5	다정		신랑 어머니		서준이 엄마예요. 작년 제 생일에 하윤이가 손으로 쓴 카드를 줬어요. 서준이한테는 스물아홉 해 동안 한 번도 못 받아 본 카드예요. 그 카드는 지금 우리 집 냉장고에 붙어 있어요. 서준이 아빠가 지나갈 때마다 한 번씩 읽어요. 하윤아, 우리 집 올 땐 빈손으로 와. 편하게 와서 쉬었다 가. 서준아, 너도 하윤이 생일엔 손으로 카드 써라. 엄마가 보여 달라고는 안 할게.	207	42	910_bless-groom-mother	bless	새
부모님 덕담	없음	6	담백	한 분이 하실 때	신부 아버지		하윤이 아버지입니다. 와 주셔서 감사합니다. 하윤이가 첫 월급을 받던 날, 저한테 등산화를 한 켤레 사 왔습니다. 발에 꼭 맞길래 물었더니, 제 헌 신발 치수를 몰래 재 갔다고 하더군요. 그 등산화를 신고 지금도 주말마다 산에 갑니다. 서준아, 하윤이는 그렇게 남 챙기는 걸 좋아하는 아이다. 너도 하윤이를 그만큼 챙겨 줘라. 하윤아, 결혼 축하한다. 둘이 서로 아끼며 잘 살아라.	213	43	1009_bless-bride-father	bless	새
부모님 덕담	없음	6	담백	한 분이 하실 때	신랑 어머니		서준이 엄마입니다. 와 주셔서 고맙습니다. 서준이가 고등학생 때 저한테 휴대폰으로 사진 보내는 법을 가르쳐 줬어요. 몇 번을 다시 물어도 한 번도 한숨을 안 쉬더라고요. 그때 배운 걸로 지금도 매일 아침 서준이한테 하늘 사진을 한 장씩 보냅니다. 하윤아, 이제 서준이 휴대폰으로 같이 봐 줘. 서준아, 엄마한테 그랬던 것처럼 하윤이가 몇 번을 물어도 웃으면서 알려 줘라.	207	42	1010_bless-groom-mother	bless	새
부모님 덕담	없음	7	짧게		신랑 아버지		서준이 아버지입니다. 서준아, 하윤아. 오늘 너희 둘 얼굴을 보니, 아버지는 소원 하나 이뤘다. 행복하게 살아라.	63	13	1105_bless-father	bless	새
부모님 덕담	없음	7	짧게		신부 어머니		하윤이 엄마예요. 하윤아, 오늘 정말 예쁘다. 서준아, 하윤이 옆에 있어 줘서 고맙다. 둘 다 재미있게 살아.	61	13	1106_bless-mother	bless	새
부모님께 인사	한마디씩	1	담백		신랑		아버지, 어머니. 키워 주셔서 고맙습니다. 두 분이 사신 것처럼 저희도 서로 아끼면서 살겠습니다.	54	11	503_tribute-one-groom	tribute:one	그대로
부모님께 인사	한마디씩	1	담백		신부		엄마, 아빠. 저를 이만큼 키워 주셔서 정말 감사해요. 이제 저희 둘이 잘 살아 볼게요.	49	10	504_tribute-one-bride	tribute:one	고침
부모님께 인사	한마디씩	2	다정		신랑		엄마, 아빠. 오늘은 제가 먼저 안아 드릴게요. 어릴 때 두 분이 저한테 해 주셨던 것처럼요.	52	11	611_tribute-one-groom	tribute:one	그대로
부모님께 인사	한마디씩	2	다정		신부		엄마, 아빠. 두 분 딸로 태어나서 저는 참 운이 좋았어요. 그 복 서준이랑 나눠 쓰면서 잘 살게요.	56	12	612_tribute-one-bride	tribute:one	그대로
부모님께 인사	한마디씩	3	유머+진심		신랑		아버지, 어머니. 드디어 제 방을 비워 드립니다. 창고로 쓰셔도 되는데, 가끔 자고 갈 수 있게 침대는 남겨 주세요.	65	13	711_tribute-one-groom	tribute:one	그대로
부모님께 인사	한마디씩	3	유머+진심		신부		엄마, 아빠. 나 오늘 예쁘지? 두 분 닮아서 그래. 키워 줘서 정말 고마워.	43	9	712_tribute-one-bride	tribute:one	그대로
부모님께 인사	한마디씩	4	격식		신랑		아버지, 어머니. 길러 주신 은혜 잊지 않겠습니다. 오늘부터 한 가정을 잘 꾸려 가겠습니다.	51	11	811_tribute-one-groom	tribute:one	새
부모님께 인사	한마디씩	4	격식		신부		아버지, 어머니. 그동안 보살펴 주셔서 감사합니다. 두 분께 받은 사랑, 저희 가정에서 이어 가겠습니다.	58	12	812_tribute-one-bride	tribute:one	새
부모님께 인사	한마디씩	5	장면 하나		신랑		엄마, 아빠. 입대하던 날 훈련소 앞에서 엄마는 제 까까머리를 쓰다듬고, 아빠는 모자를 몇 번이나 고쳐 씌우셨죠. 오늘은 머리 마음껏 만지셔도 돼요.	83	17	911_tribute-one-groom	tribute:one	새
부모님께 인사	한마디씩	5	장면 하나		신부		엄마, 아빠. 입학식 날 아빠가 찍어 준 사진, 아직 제 지갑에 있어요. 제 옷깃 여며 주던 엄마 손도 같이 찍혀 있어요. 오늘은 셋이 나란히 찍어요.	84	17	912_tribute-one-bride	tribute:one	새
부모님께 인사	한마디씩	6	솔직하게	한 분께	신랑		어머니. 사춘기 때 문 쾅 닫고 들어가던 날들, 죄송했습니다. 그때 못 한 말 오늘 할게요. 사랑합니다.	58	12	1011_tribute-one-groom	tribute:one	새
부모님께 인사	한마디씩	6	솔직하게	한 분께	신부		아빠. 결혼 준비하면서 짜증 많이 냈죠. 다 받아 주셔서 고마워요. 사실은 떠나는 게 좀 무서워서 그랬어요.	60	12	1012_tribute-one-bride	tribute:one	새
부모님께 인사	한마디씩	7	그리움	그리움	신랑		엄마, 오늘 이 양복 엄마가 골라 주셨으면 좋았을 텐데요. 아버지, 오늘 넥타이는 아버지가 매 주셔서 든든해요.	62	13	1107_tribute-one-groom	tribute:one	새
부모님께 인사	한마디씩	7	그리움	그리움	신부		아빠, 오늘 제 손 잡고 걸어 주시는 상상 많이 했어요. 엄마, 이제 엄마 손은 제가 잡아 드릴게요.	56	12	1108_tribute-one-bride	tribute:one	새
부모님께 인사	서로의 부모님께 한마디씩	1	담백		신랑		어머님, 아버님. 하윤이가 왜 이렇게 밝은지 두 분을 뵙고 알았습니다. 이 집 웃음소리, 이제 저도 보태겠습니다.	63	13	505_tribute-cross-groom	tribute:cross	고침
부모님께 인사	서로의 부모님께 한마디씩	1	담백		신부		어머님, 아버님. 서준 씨를 이렇게 다정한 사람으로 키워 주셔서 감사해요. 두 분 주말 산책길에 이제 저도 끼워 주세요.	67	14	506_tribute-cross-bride	tribute:cross	고침
부모님께 인사	서로의 부모님께 한마디씩	2	다정		신랑		어머님, 아버님. 오늘부터 저를 편하게 서준아, 하고 불러 주세요. 부르실 때마다 네, 하고 크게 대답하겠습니다.	63	13	613_tribute-cross-groom	tribute:cross	고침
부모님께 인사	서로의 부모님께 한마디씩	2	다정		신부		어머님, 아버님. 지난겨울 제가 감기로 누워 있을 때 서준 씨 편에 보내 주신 유자차, 아직 아껴 먹고 있어요. 이번엔 제가 들고 찾아뵐게요.	79	16	614_tribute-cross-bride	tribute:cross	고침
부모님께 인사	서로의 부모님께 한마디씩	3	유머+진심		신랑		어머님, 아버님. 하윤이가 밥 거르고 야근하면 두 분께 일러도 될까요? 제가 잘못한 날엔 저도 두 분께 혼나겠습니다.	65	13	713_tribute-cross-groom	tribute:cross	고침
부모님께 인사	서로의 부모님께 한마디씩	3	유머+진심		신부		어머님, 아버님. 뵐 때마다 서준 씨 어릴 때 사진 한 장씩만 보여 주세요. 오늘 사진은 제일 잘 나온 걸로 골라서 드릴게요.	70	14	714_tribute-cross-bride	tribute:cross	고침
부모님께 인사	서로의 부모님께 한마디씩	4	격식		신랑		장인어른, 장모님. 귀한 따님을 맡겨 주셔서 감사합니다. 믿고 보내 주신 마음, 평생 잊지 않겠습니다.	57	12	813_tribute-cross-groom	tribute:cross	새
부모님께 인사	서로의 부모님께 한마디씩	4	격식		신부		아버님, 어머님. 댁에 갈 때마다 제 방석부터 꺼내 두시는 것 알고 있습니다. 그 따뜻한 마음에 감사드립니다.	61	13	814_tribute-cross-bride	tribute:cross	새
부모님께 인사	서로의 부모님께 한마디씩	5	장면 하나		신랑		어머님, 아버님. 결혼 허락받으러 가던 날, 긴장해서 식혜를 몇 잔이나 마셨는데 그때마다 말없이 채워 주셨지요. 그 식혜 맛, 두고두고 기억하겠습니다.	84	17	913_tribute-cross-groom	tribute:cross	새
부모님께 인사	서로의 부모님께 한마디씩	5	장면 하나		신부		어머님, 아버님. 지난 설에 제가 빚은 만두, 모양은 엉망이었는데 두 분이 그것부터 드셨어요. 그날부터 두 분 댁에 가는 길이 편해졌어요.	77	16	914_tribute-cross-bride	tribute:cross	새
부모님께 인사	서로의 부모님께 한마디씩	6	다정	한 분께	신랑		아버님. 결혼 준비하는 내내 하윤이만큼 저도 챙겨 주셔서 감사합니다. 이제 아버님 전화는 제가 제일 먼저 받겠습니다.	65	13	1013_tribute-cross-groom	tribute:cross	새
부모님께 인사	서로의 부모님께 한마디씩	6	다정	한 분께	신부		어머님. 매일 아침 서준 씨한테 보내 주시는 하늘 사진, 저도 옆에서 같이 봐요. 이제 저도 가끔 제 쪽 하늘 찍어서 보내 드릴게요.	74	15	1014_tribute-cross-bride	tribute:cross	새
부모님께 인사	1분쯤씩	1	장면 하나		신랑		어머니는 제가 스무 살이 되던 해부터 제 방에 그냥 들어오신 적이 없습니다. 꼭 두 번 두드리고 기다리셨지요. 다 큰 아들이라고 대접해 주신 겁니다. 아버지는 제가 뭘 하겠다고 할 때마다 이유를 세 개씩 물으셨습니다. 저는 잔소리로 들었지요. 세 개를 다 대지 못하면 아직 아니라는 뜻이었습니다. 오늘은 세 개를 다 댈 수 있습니다. 하윤이랑 살고 싶고, 하윤이랑 늙고 싶고, 하윤이 옆이 제일 편합니다. 아버지, 이제 물어보세요. 어머니, 이제는 제가 찾아뵐 때마다 문을 두 번 두드리고 기다리겠습니다. 고맙습니다.	289	58	14_tribute	tribute:long	고침
부모님께 인사	1분쯤씩	1	장면 하나		신부		엄마, 아빠. 제가 중학생 때, 아빠가 제 라디오를 고쳐 준다고 밤늦게까지 식탁에서 분해하셨던 거 기억하세요? 아침에 나와 보니 라디오는 그대로 조용하고 식탁 위에 나사가 하나 남아 있었어요. 아빠는 부품이 모자랐다고 하셨죠. 엄마는 그 나사를 보고 웃으면서, 그래도 밤새 붙잡고 있었으니 됐다고 하셨고요. 저는 그날 라디오 없이 공부했는데 하나도 속상하지 않았어요. 아빠 눈이 빨개져 있던 것만 생각나요. 그 나사는 아직 제 보석함에 들어 있어요. 새집으로 가져갈 짐에도 제일 먼저 넣었어요. 엄마 아빠, 고마워요.	289	58	507_tribute-long-bride	tribute:long	고침
부모님께 인사	1분쯤씩	2	담백		신랑		아버지, 어머니. 저를 키우시느라 두 분은 하고 싶은 걸 많이 미루셨을 겁니다. 두 분 여행에는 늘 제가 따라붙었지요. 바닷가에 가도 제 튜브 불어 주시느라 두 분은 발 한 번 제대로 못 담그셨고요. 저는 그걸 당연하게 받았습니다. 올해는 두 분만 다녀오세요. 가고 싶은 곳 정하시면 기차표는 제가 끊겠습니다. 숙소 예약도 제가 하겠습니다. 저희 걱정은 내려놓으시고, 가서 사진이나 많이 보내 주세요.	224	45	615_tribute-long-groom	tribute:long	고침
부모님께 인사	1분쯤씩	2	담백		신부		엄마, 아빠. 고등학생 때 제가 담임 선생님께 크게 혼나고 들어온 날이 있었어요. 누가 봐도 제가 잘못한 일이었는데, 두 분은 그날 밤 늦게까지 제 얘기만 들어 주셨어요. 엄마는 제가 하는 말마다 그렇지, 그렇지 하면서 등을 쓸어 주셨고요. 선생님 입장도 한번 생각해 보라는 말은 다음 날 아침에야 하셨어요. 식탁에 셋만 앉아 있을 때요. 저도 남들 앞에서는 늘 서준이 편을 들고, 할 말은 둘이 있을 때 조용히 할게요. 늘 고마워요.	243	49	616_tribute-long-bride	tribute:long	고침
부모님께 인사	1분쯤씩	3	다정		신랑		엄마, 아빠. 우리 집 저녁상에는 늘 계란말이가 있었죠. 아빠가 부치시고, 첫 조각은 꼭 엄마 밥 위에 올려 드렸어요. 엄마는 그만하라고 하시면서도 웃으셨고요. 저는 숟가락만 들고 그 모습을 봤어요. 엄마가 웃으시면 그제야 저도 계란말이를 집었어요. 오늘부터 저희 집 저녁상에도 계란말이를 올릴게요. 첫 조각은 하윤이 밥 위에 올리고요. 모양은 아빠 것만 못해도 봐주세요. 고마워요, 엄마 아빠.	221	45	715_tribute-long-groom	tribute:long	고침
부모님께 인사	1분쯤씩	3	다정		신부		엄마, 아빠. 어릴 때 무서운 꿈을 꾸면 베개 들고 안방으로 갔잖아. 아빠는 자다가도 말없이 옆으로 비켜 줬고, 엄마는 이불을 목까지 덮어 줬어. 아빠 코 고는 소리를 듣다 보면 금방 다시 잠이 왔어. 아침에 깨 보면 내 베개는 발밑에 가 있고, 나는 아빠 베개를 베고 있었지. 크면서 잊고 살았는데 오늘 두 분 앞에 서니까 다시 생각나. 그 방에서 나는 한 번도 무서운 꿈을 끝까지 꾼 적이 없어. 고마워, 사랑해.	233	47	716_tribute-long-bride	tribute:long	고침
부모님께 인사	1분쯤씩	4	유머+진심		신랑		아버지, 어머니. 오늘 고백할 게 하나 있습니다. 초등학교 때 성적표 도장, 제가 찍었습니다. 중학교 때 학원 빠지고 피시방 간 날은 어머니가 데리러 오셨지요. 그날 차 안에서 아무 말씀 안 하셔서 더 무서웠습니다. 집에 와서 아버지가 끓여 주신 라면은 아직도 제 인생 라면입니다. 혼나야 할 날에 라면을 주시던 두 분 덕분에 제가 이렇게 컸습니다. 이제 제가 라면 끓여 드릴게요. 계란 두 개 넣어서요.	226	46	815_tribute-long-groom	tribute:long	새
부모님께 인사	1분쯤씩	4	유머+진심		신부		엄마, 아빠. 아빠 어제 미용실 다녀오셨죠. 엄마는 한복 입어 보시느라 거울 앞에서 한참 계셨고요. 결혼하는 건 저인데 두 분이 더 들떠 보여서 좀 웃겼어요. 그런데 그 모습이 참 좋았어요. 제 수능 날에도, 첫 출근 날에도 두 분은 저보다 먼저 일어나 계셨죠. 오늘 아침에도 제가 눈을 떴을 때 두 분은 벌써 옷을 다 입고 계셨고요. 엄마, 한복 정말 잘 어울려요. 아빠, 머리 잘됐어요. 사랑해요.	224	45	816_tribute-long-bride	tribute:long	새
부모님께 인사	1분쯤씩	5	격식		신랑		아버지, 어머니. 오늘 이 자리에 서기까지 두 분께서 쏟으신 정성에 깊이 감사드립니다. 두 분은 맞벌이로 바쁘신 중에도 제 졸업식만큼은 한 번도 빠지신 적이 없습니다. 초등학교부터 대학교까지, 꽃다발은 늘 두 분이 같이 들고 오셨지요. 제가 흔들릴 때마다 묵묵히 기다려 주신 덕분에 오늘 한 가정을 이룹니다. 하윤이와 서로 아끼며 사는 모습으로 보답하겠습니다.	201	41	915_tribute-long-groom	tribute:long	새
부모님께 인사	1분쯤씩	5	격식		신부		어머니, 아버지. 지금까지 저를 길러 주신 두 분께 오늘 깊이 머리 숙여 감사드립니다. 제가 열이 나던 밤이면 어머니는 물수건을 몇 번이고 갈아 주셨고, 아버지는 새벽에 문 연 약국을 찾아 동네를 도셨습니다. 이제 서준 씨와 새 가정을 이루지만, 저는 언제나 두 분의 딸입니다. 두 분이 편찮으신 날엔 새벽이라도 제가 먼저 약국을 찾겠습니다. 두 분, 사랑합니다.	203	41	916_tribute-long-bride	tribute:long	새
부모님께 인사	1분쯤씩	6	장면 하나	한 분께	신랑		엄마. 제가 초등학생 때 엄마는 가게 문을 닫고 나서야 저녁을 드셨죠. 저는 숙제를 하다가 엄마 오시는 소리가 나면 밥솥부터 열어 놨어요. 엄마는 그걸 보고 늘 우리 아들이 밥 다 해 놨네, 하셨고요. 사실 밥은 엄마가 아침에 해 두신 거였는데요. 그 말이 듣고 싶어서 저는 매일 밥솥을 열었어요. 이제는 제가 진짜로 밥을 해요. 하윤이도 제 밥이 맛있대요. 엄마, 키워 주셔서 고마워요. 사랑해요.	223	45	1015_tribute-long-groom	tribute:long	새
부모님께 인사	1분쯤씩	6	장면 하나	한 분께	신부		아빠. 초등학교 때 아빠가 매일 아침 제 머리를 묶어 주셨죠. 처음엔 삐뚤빼뚤해서 학교에 가서 다시 묶었어요. 아빠는 그걸 아시고 저녁마다 제 인형 머리로 연습하셨고요. 그 무렵 아빠 손목엔 늘 제 머리끈이 두 개씩 끼워져 있었어요. 삼 학년이 되니까 반에서 제 머리가 제일 예뻤어요. 오늘 이 머리는 미용실에서 했지만, 저는 아빠가 묶어 주신 머리가 제일 좋았어요. 아빠, 키워 주셔서 고마워요.	222	45	1016_tribute-long-bride	tribute:long	새
부모님께 인사	1분쯤씩	7	그리움	그리움	신랑		아버지. 엄마 떠나시고 처음 맞은 제 생일에 아버지가 미역국을 끓이셨죠. 너무 짜서 둘이 물을 몇 잔씩 마셨어요. 그래도 아버지는 해마다 끓이셨고, 요즘은 엄마 맛이 나요. 하윤이도 아버지 미역국을 제일 좋아해요. 엄마, 보고 계시죠. 아버지가 이만큼 해 주셨어요. 아버지, 이제 아버지 생신 미역국은 제가 끓일게요. 엄마 맛 나게 연습해 둘게요. 고맙습니다, 아버지. 엄마, 보고 싶어요.	218	44	1109_tribute-long-groom	tribute:long	새
부모님께 인사	1분쯤씩	7	그리움	그리움	신부		엄마, 그리고 아빠. 아빠는 제 운동회 때마다 결승선 옆에서 제 이름을 제일 크게 부르셨죠. 아빠 목소리가 워낙 커서 운동장 끝까지 다 들렸어요. 저는 창피하다고 못 들은 척했고요. 오늘 이 자리에 아빠 목소리가 없으니까 그게 제일 허전해요. 아빠, 그때 못 들은 척해서 미안해요. 사실 다 들렸어요. 아빠, 사랑해요. 엄마, 운동회 때마다 아빠 옆에서 같이 박수 쳐 줘서 고마워요. 오늘 엄마가 여기 있어서 참 좋아요.	235	47	1110_tribute-long-bride	tribute:long	새
부모님께 인사	1분쯤씩	8	장면 하나	가족이 된 날	신랑		어머니, 아버지. 제가 중학생 때 아버지가 처음 우리 집에 오셨죠. 그날 저는 인사도 제대로 안 하고 방에 들어갔어요. 아버지는 그 뒤로 한 번도 서두르지 않으셨어요. 제 농구 시합에는 말없이 오셔서 맨 뒷줄에 앉아 계시다가, 끝나면 먼저 가셨죠. 고등학교 마지막 시합 날, 처음으로 제가 뒷줄까지 뛰어가서 음료수를 건넸어요. 그날 아버지 손이 떨리던 게 아직 기억나요. 어머니, 그 시절 저 때문에 마음 많이 졸이셨죠. 고맙습니다. 아버지, 기다려 주셔서 고맙습니다.	262	53	1201_tribute-long-groom	tribute:long	새
부모님께 인사	1분쯤씩	8	장면 하나	가족이 된 날	신부		아빠, 엄마. 엄마가 우리 식구가 된 건 제가 열두 살 때였죠. 그해 제 생일에 엄마는 제 이름을 수놓은 필통을 선물해 주셨어요. 밤마다 한 땀씩 놓느라 한 달이 걸렸다고 아빠가 몰래 알려 주셨고요. 저는 그 필통을 대학 졸업할 때까지 들고 다녔어요. 친구들이 다 부러워했어요. 청첩장에 제 이름이랑 서준이 이름이 나란히 찍힌 걸 보면서 그 필통 생각이 났어요. 엄마, 제 생일마다 챙겨 주셔서 고마워요. 아빠, 엄마를 만나 주셔서 고마워요. 사랑해요.	253	51	1202_tribute-long-bride	tribute:long	새
축배	축배만 · 케이크와 축배	1	담백		신랑		오늘 와 주셔서 고맙습니다.	15	3	508_toast-groom	toast:toast|both	그대로
축배	축배만 · 케이크와 축배	1	담백		신부		저희 두 사람의 첫걸음을 위하여!	18	4	509_toast-bride	toast:toast|both	고침
축배	축배만 · 케이크와 축배	2	다정		신랑		부모님, 그리고 여기 계신 모든 분, 감사합니다.	27	6	617_toast-groom	toast:toast|both	그대로
축배	축배만 · 케이크와 축배	2	다정		신부		저희가 제일 좋아하는 여러분을 위하여!	21	5	618_toast-bride	toast:toast|both	고침
축배	축배만 · 케이크와 축배	3	유머+진심		신랑		건배사를 한 달 연습했는데, 결국 한 줄입니다. 와 주셔서 고맙습니다.	39	8	717_toast-groom	toast:toast|both	고침
축배	축배만 · 케이크와 축배	3	유머+진심		신부		다음에 또 만날 날을 위하여!	16	4	718_toast-bride	toast:toast|both	그대로
축배	축배만 · 케이크와 축배	4	격식		신랑		오늘 함께해 주신 모든 분께 다시 한번 감사드립니다.	29	6	817_toast-groom	toast:toast|both	새
축배	축배만 · 케이크와 축배	4	격식		신부		여러분의 건강과 행복을 위하여!	17	4	818_toast-bride	toast:toast|both	새
축배	축배만 · 케이크와 축배	5	장면 하나		신랑		처음 만난 날, 저희는 편의점 앞에서 캔커피로 건배했습니다.	33	7	917_toast-groom	toast:toast|both	새
축배	축배만 · 케이크와 축배	5	장면 하나		신부		그날처럼 설레는 오늘을 위하여!	17	4	918_toast-bride	toast:toast|both	새
축배	축배만 · 케이크와 축배	6	솔직하게		신랑		솔직히 아까부터 너무 떨렸습니다. 이 잔 마시고 이제 좀 웃겠습니다.	38	8	1017_toast-groom	toast:toast|both	새
축배	축배만 · 케이크와 축배	6	솔직하게		신부		떨리는 신랑 신부를 위하여!	15	3	1018_toast-bride	toast:toast|both	새
축하의 말	1 · 2 · 3분(여는 말)	1	장면 하나		신부 오빠	open	신부 오빠 정민재입니다. 하윤이보다 세 살 많습니다. 어릴 때 과자 한 봉지를 뜯으면 하윤이가 꼭 개수를 세어서 반으로 나눴습니다. 하나가 남으면 그건 늘 하윤이 입으로 들어갔고요. 그 계산법은 지금도 그대로입니다. 오늘은 오빠 노릇을 한번 제대로 해 보겠습니다.	147	30	510_speech-open-brother	free:speech:1|2|3	고침
축하의 말	2 · 3분(이야기 하나)	1	장면 하나		신부 오빠	story1	하윤이가 초등학생 때, 제 자전거를 몰래 타다가 넘어진 적이 있습니다. 무릎이 다 까졌는데도 저한테 들킬까 봐 울지도 않고 집에 왔어요. 그날 밤 약을 발라 주면서 다음부터 타고 싶으면 말하라고 했습니다. 하윤이는 고개만 끄덕였는데, 그 뒤로 한 번도 말한 적이 없어요. 그런데 제가 자전거를 세워 둘 때마다 안장이 늘 조금씩 내려가 있었습니다. 저는 모른 척하고 다시 올려서 탔습니다. 그러다 언제부턴가는 안장을 내려놓은 채로 세워 뒀습니다.	248	50	511_speech-story1-brother	free:speech:2|3	고침
축하의 말	3분(이야기 둘)	1	장면 하나		신부 오빠	story2	지난봄에 두 사람이 자전거를 타러 간다고 해서 제 자전거를 빌려줬습니다. 하윤이는 역시 타기 전에 안장부터 쭉 내렸다더군요. 저녁에 돌려받은 자전거는 안장이 제 높이에 딱 맞춰져 있었습니다. 서준 씨가 원래 높이를 기억해 뒀다가, 돌려주기 전에 다시 올려놓은 거였습니다. 아무 말도 없이요. 이번에는 제가 안장을 만질 일이 없었습니다.	187	38	512_speech-story2-brother	free:speech:3	고침
축하의 말	1 · 2 · 3분(맺는 말)	1	장면 하나		신부 오빠	close	서준 씨, 이제 제 동생 옆자리는 서준 씨 자리입니다. 저는 한 발 뒤에서 보겠습니다. 하윤아, 결혼 축하한다. 오늘 네가 제일 예쁘다. 오빠가 인정한다. 그리고 오빠는 언제나 네 편이다.	105	21	513_speech-close-brother	free:speech:1|2|3	고침
축하의 말	1 · 2 · 3분(여는 말)	2	다정		신랑 친구	open	안녕하세요, 신랑 이서준의 대학 친구 최도현입니다. 스무 살에 기숙사 옆방에서 만났으니, 서준이를 안 지 벌써 십 년이 다 되어 갑니다. 그동안 좋은 날도 힘든 날도 옆에서 같이 봤는데 오늘처럼 환하게 웃는 얼굴은 저도 처음 봅니다. 하윤 씨, 제 친구를 이렇게 웃게 해 주셔서 고맙습니다.	162	33	619_speech-open-friend	free:speech:1|2|3	그대로
축하의 말	2 · 3분(이야기 하나)	2	다정		신랑 친구	story1	대학 때 서준이 얘기를 하나 해 드리겠습니다. 하윤 씨도 아마 처음 들으실 겁니다. 저희가 같이 여행을 간 적이 있는데, 기차를 놓쳐서 역에서 네 시간을 기다려야 했습니다. 다들 짜증을 내는데, 서준이 혼자 역 앞 분식집에 가서 떡볶이를 사 왔어요. 그러고는 이렇게 된 김에 여기 떡볶이나 먹어 보자고 하더군요. 저희는 대합실 의자에 둘러앉아 그걸 다 먹었습니다. 돈도 서준이가 냈고요. 그날 먹은 떡볶이 얘기를 저희는 아직도 합니다. 모일 때마다 한 번은 꼭 나오는데, 서준이는 그때마다 그 집이 진짜 맛있었다고만 합니다.	293	59	620_speech-story1-friend	free:speech:2|3	고침
축하의 말	3분(이야기 둘)	2	다정		신랑 친구	story2	서준이한테도 한마디 하겠습니다. 서준아, 친구들이 이사 도와 달라고 하면 너는 늘 제일 먼저 오고, 제일 늦게 갔지. 그런데 정작 네 이사 때는 아무한테도 말을 안 했더라. 혼자 트럭 빌려서 하루 만에 다 옮겼다며. 그 얘기를 집들이 날 처음 들었다. 얼마나 서운했는지 모른다. 이제는 하윤 씨가 옆에 있으니 무거운 건 혼자 들지 마라. 그리고 우리한테도 좀 말해라. 이번엔 우리가 제일 먼저 가고, 제일 늦게 가겠다.	234	47	621_speech-story2-friend	free:speech:3	그대로
축하의 말	1 · 2 · 3분(맺는 말)	2	다정		신랑 친구	close	서준아, 결혼 진짜 축하한다. 기숙사 살 때 네가 빌려 간 내 전공책은 결혼 선물로 칠게. 하윤 씨, 서준이가 뭘 빌려 가면 꼭 돌려받으세요. 저는 아직도 못 받았습니다. 두 분, 행복하세요.	107	22	622_speech-close-friend	free:speech:1|2|3	고침
축하의 말	1 · 2 · 3분(여는 말)	3	유머+진심		신부 오빠	open	신부 오빠 정민재입니다. 오늘 제가 여기 서게 된 건, 동생이 부탁해서가 아니라 제가 하겠다고 우겨서입니다. 동생이 결혼하는 날 오빠가 할 말이 없을 리가 없으니까요. 사실 어젯밤에 원고를 몇 번이나 고쳤는데, 고칠 때마다 길어졌습니다. 동생이 짧게 하라고 신신당부를 했으니 최대한 줄여 보겠습니다.	167	34	719_speech-open-brother	free:speech:1|2|3	그대로
축하의 말	2 · 3분(이야기 하나)	3	유머+진심		신부 오빠	story1	어릴 때 저희 집 리모컨은 늘 하윤이 차지였습니다. 제가 쥐고 있어도 하윤이가 엄마를 부르면 끝이었어요. 치킨을 시키면 다리 두 개는 당연히 하윤이 몫이었고요. 저는 그게 억울해서 한동안 동생을 이겨 보려고 이것저것 궁리했습니다. 결과는 전패였습니다. 그런데 제가 힘든 날엔, 하윤이가 리모컨을 제 손에 쥐여 주면서 오늘만이라고 했습니다. 그런 날은 치킨 다리도 하나가 제 접시에 와 있었고요. 물론 다음 날 두 배로 받아 갔습니다.	242	49	720_speech-story1-brother	free:speech:2|3	고침
축하의 말	3분(이야기 둘)	3	유머+진심		신부 오빠	story2	얼마 전에 두 사람 신혼집에 처음 가 봤습니다. 들어가자마자 리모컨부터 찾았지요. 역시 하윤이 쪽 소파 팔걸이에 있더군요. 그런데 텔레비전에서는 축구가 나오고 있었습니다. 서준 씨가 좋아하는 팀 경기였습니다. 서준 씨는 하윤이 어깨에 기대 졸고 있었고, 하윤이는 조용히 소리만 줄였습니다. 그날 저녁 저는 제 치킨 다리를 서준 씨 접시에 올려놓았습니다.	197	40	721_speech-story2-brother	free:speech:3	고침
축하의 말	1 · 2 · 3분(맺는 말)	3	유머+진심		신부 오빠	close	하윤아, 오늘부터는 오빠 말고도 너 챙겨 줄 사람이 생겼네. 서준 씨, 제 동생한테 가끔은 져 주세요. 이기려고 해 봤자 소용없습니다. 두 사람, 결혼 진심으로 축하합니다.	96	20	722_speech-close-brother	free:speech:1|2|3	고침
축하의 말	1 · 2 · 3분(여는 말)	4	솔직하게		신부 친구	open	안녕하세요, 하윤이 고등학교 친구 송지은입니다. 열일곱에 만났으니 하윤이 인생의 절반 가까이를 옆에서 봤네요. 솔직히 말하면, 하윤이가 결혼한다고 했을 때 저는 축하한다는 말보다 서운하다는 말이 먼저 나왔어요. 오늘은 그 서운함까지 다 털어놓고 축하하려고 이 자리에 섰습니다.	154	31	819_speech-open-bride-friend	free:speech:1|2|3	새
축하의 말	2 · 3분(이야기 하나)	4	솔직하게		신부 친구	story1	고등학교 삼 년 동안 저희는 야간 자율 학습이 끝나면 같은 버스를 탔어요. 하윤이네가 저희 집보다 두 정거장 먼저인데, 하윤이는 늘 저희 집 앞까지 같이 가서 다시 버스를 타고 돌아갔어요. 제가 밤길이 무섭다고 딱 한 번 말한 뒤로요. 비가 오는 날에도, 시험을 망친 날에도 그랬어요. 졸업식 날 왜 그렇게까지 했냐고 물었더니, 하윤이가 그러더라고요. 너 혼자 보내면 내가 잠이 안 와서. 그렇게 삼 년을 같이 탔으니, 버스비로만 따져도 제가 갚을 게 많아요.	257	52	820_speech-story1-bride-friend	free:speech:2|3	새
축하의 말	3분(이야기 둘)	4	솔직하게		신부 친구	story2	그런 하윤이가 요즘은 저보다 서준 씨랑 통화를 더 오래 해요. 결혼 준비로 연락이 뜸해졌을 때, 한번은 제가 괜히 퉁명스럽게 전화를 받았어요. 다음 날 퇴근하고 나오니 회사 앞에 하윤이랑 서준 씨가 같이 서 있었어요. 하윤이는 인쇄소에서 막 찾아온 청첩장 상자를 그 자리에서 뜯더니, 첫 장을 꺼내 저한테 내밀었어요. 그날 셋이 먹은 저녁 한 끼에 제 서운함이 다 풀렸어요.	209	42	821_speech-story2-bride-friend	free:speech:3	새
축하의 말	1 · 2 · 3분(맺는 말)	4	솔직하게		신부 친구	close	하윤아, 이제 너한테 제일 먼저 전화할 사람은 서준 씨지. 그래도 두 번째는 나로 해 줘. 서준 씨, 첫 번째 자리 양보했으니까 하윤이 전화는 한 번에 받아 주세요. 두 사람, 결혼 정말 축하해요.	110	22	822_speech-close-bride-friend	free:speech:1|2|3	새
축하의 말	1 · 2 · 3분(여는 말)	5	격식		신랑 누나	open	안녕하십니까. 신랑 이서준의 누나 이서연입니다. 저희 동생의 결혼을 축하해 주시려고 와 주신 여러분께, 가족을 대신해 먼저 감사 인사를 드립니다. 동생 결혼식에서 이렇게 인사드리게 되니 저도 많이 떨립니다. 준비한 말씀 몇 가지 드리겠습니다.	135	27	919_speech-open-sister	free:speech:1|2|3	새
축하의 말	2 · 3분(이야기 하나)	5	격식		신랑 누나	story1	서준이는 저보다 네 살 어립니다. 부모님이 맞벌이를 하셔서, 서준이가 초등학생일 때는 제가 저녁을 챙겨 먹이곤 했습니다. 제가 할 줄 아는 건 김치볶음밥 하나뿐이어서, 일주일에 닷새를 볶음밥만 먹인 적도 있습니다. 그래도 서준이는 한 번도 투정한 적이 없습니다. 다 먹고 나면 제 그릇까지 싱크대에 갖다 놓았지요. 제가 고등학생이 되어 늦게 들어오던 어느 날은, 식탁에 볶음밥 한 그릇이 랩에 싸여 있었습니다. 달걀 프라이까지 올려서요.	244	49	920_speech-story1-sister	free:speech:2|3	새
축하의 말	3분(이야기 둘)	5	격식		신랑 누나	story2	지난겨울 밤늦게 서준이한테서 전화가 왔습니다. 하윤 씨가 몸살이 났는데 입맛이 없다고 한다며, 누나 김치볶음밥은 어떻게 만드는 거냐고 묻더군요. 저는 이제 서준이가 저보다 더 잘 만든다고 했습니다. 서준이는 그래도 누나 걸로 해 주고 싶다고 했습니다. 그날 밤 저는 전화기 너머로 김치 써는 소리를 한참 들었습니다.	176	36	921_speech-story2-sister	free:speech:3	새
축하의 말	1 · 2 · 3분(맺는 말)	5	격식		신랑 누나	close	서준아, 하윤 씨. 오늘처럼 서로 아끼며 사세요. 두 사람이 꾸릴 집에 웃을 일이 많기를 바랍니다. 저희 가족이 늘 가까이에서 응원하겠습니다. 결혼 진심으로 축하합니다.	94	19	922_speech-close-sister	free:speech:1|2|3	새
성혼 선언	가족이 낭독	1	한 분이 읽기		신랑 아버지		신랑 신부는, 이 자리에 함께한 우리 모두를 증인으로, 서로의 평생이 되었습니다. 이로써 두 사람의 성혼을 선언합니다.	66	14	514_declare-father	declare:family	그대로
성혼 선언	가족이 낭독	2	한 분이 읽기		신부 어머니		신랑 신부는, 이 자리에 함께한 우리 모두를 증인으로, 서로의 평생이 되었습니다. 이로써 두 사람의 성혼을 선언합니다.	66	14	623_declare-mother	declare:family	그대로
성혼 선언	가족이 낭독	3	양가 부모님 나눠 읽기		신랑 아버지		신랑 신부는, 이 자리에 함께한 우리 모두를 증인으로, 서로의 평생이 되었습니다.	45	9	723_declare-father-part	declare:family	그대로
성혼 선언	가족이 낭독	3	양가 부모님 나눠 읽기		신부 어머니		이로써 두 사람의 성혼을 선언합니다.	20	4	724_declare-mother-part	declare:family	그대로
