자리	판	예시번호	결	말하는 사람	성우	파일이름	글	글자수	공백뺀글자수	어림초	녹음	키
첫인사	없음	1	담백	신랑	진한	06_welcome-groom.mp3	안녕하십니까, 신랑 이서준입니다. 바쁘신 중에도 귀한 시간을 내 주셔서, 진심으로 감사드립니다. 오늘 하루가 아깝지 않도록, 정성을 다하겠습니다.	81	65	11	녹음됨(그대로)	welcome
첫인사	없음	1	담백	신부	예슬	07_welcome-bride.mp3	신부 정하윤입니다. 여기 와 계신 한 분 한 분 얼굴을 뵈니, 참 든든합니다. 저희의 시작을, 함께 기억해 주세요.	64	47	9	녹음됨(그대로)	welcome
첫인사	없음	2	다정	신랑	진한	601_welcome-groom.mp3	안녕하세요, 신랑 이서준입니다. 청첩장을 쓰면서, 오늘 오실 분들 이름을 한 분씩 불러 봤습니다. 그 이름들을 오늘, 이렇게 얼굴로 뵙습니다.	79	61	11	새로	welcome
첫인사	없음	2	다정	신부	예슬	602_welcome-bride.mp3	신부 정하윤입니다. 오늘은 편하게 앉으셔서, 저희가 어떤 얼굴로 시작하는지 봐 주세요. 와 주셔서 정말 고맙습니다.	64	50	9	새로	welcome
첫인사	없음	3	유머+진심	신랑	진한	701_welcome-groom.mp3	안녕하세요, 신랑 이서준입니다. 방금 들어오면서 넘어지지 않았으니, 오늘 제일 걱정하던 일은 지나갔습니다. 이제 남은 건, 오늘 드릴 약속을 잘 지키는 일입니다.	90	70	12	새로	welcome
첫인사	없음	3	유머+진심	신부	예슬	702_welcome-bride.mp3	신부 정하윤입니다. 신랑이 인사를 너무 잘해서, 저는 짧게 하겠습니다. 오늘 이렇게 와 주셔서, 참 고맙습니다.	62	48	8	새로	welcome
혼인 서약	없음	1	장면 하나	신랑	진한	08_vow-groom.mp3	하윤아. 아는 것만 말할게. 작년에 네가 회사에서 많이 힘들었을 때, 너는 나한테 한 번도 힘들다는 말을 안 했어. 대신 그 주에 너희 집 그릇이 다 반짝반짝했지. 너는 말수가 줄면 설거지를 오래 해. 그걸 아는 데 삼 년이 걸렸어. 그동안 네가 혼자 삼킨 말이 얼마나 많았을지, 생각하면 아직도 마음이 쓰여. 이제 네가 설거지를 오래 하는 날엔, 내가 옆에서 그릇을 닦을게. 괜찮다고 해도 한 번은 더 물을게. 오늘부터 너는 혼자 참지 않아도 돼.	251	181	33	녹음됨(그대로)	vow
혼인 서약	없음	1	장면 하나	신부	예슬	09_vow-bride.mp3	서준아. 사랑한다는 말은 앞으로도 많이 할 테니, 오늘은 지킬 수 있는 것만 약속할게. 나는 너한테만은 할 말을 다 하는 사람이야. 예전에 내가, 너한테 삼십 분을 따진 적이 있었지. 너는 다 듣고 나서 밥 먹었냐고 물었어. 그때 좀 졌다고 생각했어. 너한테는 삼십 분을 따지면서, 정작 내가 힘들다는 말은 한 번도 안 했더라. 그래도 나는 따질 거야. 그건 못 고쳐. 대신 다 따지고 나서 내가 먼저 밥 먹었냐고 물을게. 네가 잘못한 날에도, 나는 네 편이 될게. 힘든 날엔 나한테 먼저 말해 줘. 나도 이제는, 힘든 날 너한테 제일 먼저 갈게.	306	219	41	녹음됨(그대로)	vow
혼인 서약	없음	2	담백	신랑	진한	603_vow-groom.mp3	하윤 씨. 잘하겠다는 말은 안 할게요. 대신 오래 하겠습니다. 제가 일찍 일어나는 날엔 커피를 내리고, 늦는 날엔 미리 연락하고, 다툰 날에도 같은 방에서 자겠습니다. 크지 않은 약속이라서, 매일 지킬 수 있습니다. 당신이 지친 날엔, 표정만 보고도 알아채는 사람이 될게요. 제가 모자란 날엔, 모자라다고 먼저 말할게요. 오늘부터 매일, 당신 쪽으로 한 걸음씩 가겠습니다.	208	157	28	새로	vow
혼인 서약	없음	2	담백	신부	예슬	604_vow-bride.mp3	서준 씨. 저는 약속을 많이 하지 않는 사람이라, 오늘은 꼭 지킬 것만 약속할게요. 서운한 일은 그날 안에 말하겠습니다. 고마운 일은 미루지 않고 바로 말하겠습니다. 그리고 당신이 힘든 날엔, 이유를 묻기 전에 옆에 먼저 앉겠습니다. 저는 한번 한 약속은 오래 붙잡고 있는 사람이라는 거, 당신이 제일 잘 알잖아요. 많지 않지만, 하나도 빼놓지 않을게요.	198	147	26	새로	vow
혼인 서약	없음	3	유머+진심	신랑	진한	703_vow-groom.mp3	하윤아. 미리 말해 둘게. 나는 앞으로도 양말을 뒤집어 벗을 거야. 대신 네가 왜 화났는지는, 알 때까지 물어볼게. 화가 난 날에도, 자기 전에는 내가 먼저 말을 걸게. 마지막 남은 만두는 늘 네 거야. 드라마 보다가 잠들면 깨워 달라는 부탁도, 두 번까지는 들어줄게. 다 작아 보이지만, 지내 보니 이런 게 제일 크더라. 크게 약속하는 대신, 작은 걸 오래 지킬게.	205	149	27	새로	vow
혼인 서약	없음	3	유머+진심	신부	예슬	704_vow-bride.mp3	서준아. 너는 길을 잘못 들어도 절대 다시 안 물어보잖아. 그래서 우리 여행은 늘 한 시간씩 늦었어. 근데 이상하게, 그 늦은 한 시간이 제일 기억에 남아. 휴게소에서 먹은 우동도, 잘못 들어간 바닷가도. 앞으로도 길은 내가 볼게. 너는 옆에서 좋아하는 노래나 계속 불러 줘. 네가 틀렸다고 말하기 싫어하는 날엔, 내가 먼저 웃을게. 어디로 가든, 너랑 같이 늦는 거면 괜찮아.	211	155	28	새로	vow
편지	각자 부모님께	1	장면 하나	신랑	진한	501_letter-parent-groom.mp3	아버지, 어머니. 제가 처음 혼자 살 집으로 이사하던 날, 아버지는 짐을 옮기시고는 제 방 형광등부터 갈아 끼우셨지요. 멀쩡한 걸 왜 가시냐고 했더니, 곧 나갈 거라고 하셨습니다. 그 등은 그러고도 두 해를 더 버티다가 나갔습니다. 어머니는 냉장고에 반찬을 채워 주시고, 뚜껑마다 날짜를 적어 두셨고요. 저는 그 날짜를 한 번도 못 지켰습니다. 두 분은 늘 제가 모르는 데서 먼저 챙기셨어요. 저는 그걸 한참 지나서야 알아챕니다. 이제는 저도, 누군가를 먼저 챙기는 사람이 되겠습니다. 두 분께 배운 방식 그대로요.	288	214	38	새로	letter:parent
편지	각자 부모님께	1	장면 하나	신부	예슬	10_letter-parent.mp3	엄마, 아빠. 스물아홉 해를 두 분과 한집에서 살았어요. 그중에 고맙다고 소리 내어 말한 날은 며칠 안 돼요. 말 안 해도 아는 사이라고, 제가 혼자 정해 놨더라고요. 집 나오던 날 아침에, 엄마가 제 가방을 한 번 더 열어 보셨죠. 뭘 넣으시려던 건지, 저는 물어보지도 않고 나왔어요. 아빠는 현관까지만 나오시고 거기 서 계셨고요. 그 두 모습이 등 뒤에 있어서, 저는 뒤를 안 돌아보고 걸을 수 있었어요. 오늘도 그렇게 걸어갈게요. 앞으로는 제가 자주 갈게요, 두 분 얼굴 보러요.	271	197	36	녹음됨(그대로)	letter:parent
편지	각자 부모님께	2	담백	신랑	진한	605_letter-parent-groom.mp3	아버지, 어머니. 저는 말로 고맙다고 하는 게 아직도 어색합니다. 그래서 오늘, 이 편지를 핑계로 한 번에 하겠습니다. 키워 주셔서 고맙습니다. 믿어 주셔서 고맙습니다. 제가 하겠다는 일을 말리신 적은 있어도, 막으신 적은 없었습니다. 그 덕에 제가 여기까지 왔습니다. 이제 저희 둘이 한 가정을 꾸립니다. 두 분이 저를 믿어 주신 것처럼, 저도 제 가족을 믿어 주는 사람이 되겠습니다. 건강하게, 오래 곁에 계셔 주세요.	236	176	31	새로	letter:parent
편지	각자 부모님께	2	담백	신부	예슬	606_letter-parent-bride.mp3	엄마, 아빠. 편지를 길게 쓰면 저답지 않을 것 같아서, 짧게 쓸게요. 저를 키워 주셔서 고맙습니다. 제가 고집을 부릴 때마다, 먼저 져 주셔서 고맙습니다. 두 분이 다투시는 걸, 저는 거의 본 적이 없어요. 그게 얼마나 어려운 일인지, 이제 조금 알 것 같아요. 저도 두 분처럼, 먼저 져 주는 사람으로 살아 볼게요. 결혼해도 저는 두 분 딸이에요. 이제는 두 분이 기다리시기 전에, 제가 전화드릴게요.	226	165	30	새로	letter:parent
편지	각자 부모님께	3	다정	신랑	진한	705_letter-parent-groom.mp3	엄마, 아빠. 오늘은 오랜만에 이렇게 불러 볼게요. 크고 나서는 어머니, 아버지라고 불러야 어른인 줄 알았어요. 그런데 오늘 같은 날은, 엄마 아빠라고 부르고 싶더라고요. 아빠가 퇴근길에 사 오던 붕어빵 봉지, 엄마가 그걸 꼭 반으로 갈라 식혀 주던 거, 다 기억해요. 저는 늘 꼬리부터 먹었고, 엄마는 늘 머리를 드셨죠. 이제는 제가 봉지를 들고 갈게요. 하윤이랑 같이 가서, 머리는 제가 먹을게요. 오래오래, 붕어빵 사 들고 찾아갈 수 있게 건강하세요.	255	190	34	새로	letter:parent
편지	각자 부모님께	3	다정	신부	예슬	706_letter-parent-bride.mp3	엄마, 아빠. 내 방 창문으로 보이던 가로등 기억나? 밤늦게 들어올 때마다, 그 가로등 밑에 아빠 차가 서 있었어. 데리러 온 건 아니라고, 그냥 바람 쐬러 나왔다고 했지. 엄마는 내가 현관문 여는 소리가 나야 불을 끄고 잤고. 나는 그게 다 우연인 줄 알았어. 이제 그 가로등 밑에서 안 기다려도 돼. 걱정은 조금만 하고 푹 자. 내 옆에도 이제, 나 들어올 때까지 안 자고 기다리는 사람이 생겼어. 엄마 아빠한테 배운 거, 그 사람한테 그대로 해 줄게. 사랑해.	260	186	35	새로	letter:parent
편지	서로에게	1	장면 하나	신랑	진한	11_letter-each.mp3	너는 괜찮다는 말을 두 번 해. 한 번 말하면 진짜 괜찮은 거고, 두 번 말하면 아닌 거더라. 지난겨울에 감기 걸렸을 때도 두 번 말했잖아. 내가 죽을 사서 들고 갔더니, 너는 벌써 다 나은 척을 하고 있었어. 그 척은 나 편하라고 하는 거지. 나는 너랑 정반대야. 안 괜찮으면 바로 티가 나. 그런데 너는 내가 티를 낼 때마다, 하던 걸 멈추고 끝까지 들었어. 별거 아닌 것 같지만, 해 보면 쉽지 않아. 나는 그걸 너한테 배워서 요즘 덜 급해. 말이 느려지고, 목소리도 좀 낮아졌대. 아직 너처럼 끝까지 들어 주지는 못해. 대신 네가 두 번 말할 때, 가장 먼저 알아듣는 사람이 될게. 그리고 네가 한 번만 말해도 되는 사람이 될게.	356	251	47	녹음됨(그대로)	letter:each
편지	서로에게	1	장면 하나	신부	예슬	502_letter-each-bride.mp3	서준아. 우리 처음 만난 날, 너 우산 없었던 거 기억나? 비가 그렇게 오는데, 너는 괜찮다고 뛰어가겠다고 했어. 내가 우산을 씌워 주니까, 너는 우산을 자꾸 내 쪽으로만 기울였지. 역에 도착했을 때, 네 한쪽 어깨가 다 젖어 있었어. 그때는 좀 답답한 사람이라고 생각했어. 그런데 그 뒤로도 너는 늘 그랬어. 내가 모르는 쪽에서, 먼저 젖는 사람. 이제는 우산을 반씩 쓰자. 네 어깨가 젖으면, 내 어깨도 같이 젖을게. 같이 산다는 게, 나는 그런 거라고 생각해.	260	190	35	새로	letter:each
편지	서로에게	2	담백	신랑	진한	607_letter-each-groom.mp3	하윤 씨에게. 편지를 쓰려고 앉았는데, 한참 동안 첫 줄을 못 썼어요. 하고 싶은 말이 없어서가 아니라, 이미 다 한 말 같아서요. 우리는 매일 저녁 오늘 뭐 했는지 말하고, 자기 전에 내일 뭐 할지 말하잖아요. 그래서 오늘은, 매일 하던 말을 한 번 더 할게요. 오늘도 고마웠어요. 내일도 잘 부탁해요. 말이 짧아도, 매일 하면 긴 편지가 될 거라고 믿어요.	201	145	27	새로	letter:each
편지	서로에게	2	담백	신부	예슬	608_letter-each-bride.mp3	서준 씨에게. 당신은 약속 장소에 늘 십 분 먼저 와 있어요. 제가 늦는 날에도, 한 번도 재촉한 적이 없죠. 그 십 분 동안 뭘 하냐고 물었더니, 제가 올 쪽을 보고 있다고 했어요. 그 말을 듣고 나서부터, 저도 조금씩 일찍 나가게 됐어요. 이제는 기다리지 않아도 되는 사이가 됐네요. 같은 집에서 나와, 같은 곳으로 가니까요. 그래도 가끔은, 제가 먼저 가서 당신이 올 쪽을 보고 있을게요.	220	158	29	새로	letter:each
편지	서로에게	3	유머+진심	신랑	진한	707_letter-each-groom.mp3	하윤아. 너한테 편지 쓰는 건 이번이 두 번째야. 첫 번째는 사귄 지 백 일 때였는데, 네가 맞춤법을 다섯 개 고쳐서 돌려줬지. 그래서 이번엔 몇 번이나 읽고 가져왔어. 아마 그래도 하나는 틀렸을 거야. 너는 그렇게 정확한 사람이고, 나는 그런 네가 좋아. 내가 대충 넘기는 걸, 너는 끝까지 챙기잖아. 대신 네가 너무 애쓰는 날엔, 대충 해도 된다고 내가 말해 줄게. 우리 둘이 합치면, 딱 적당해질 거야.	228	165	30	새로	letter:each
편지	서로에게	3	유머+진심	신부	예슬	708_letter-each-bride.mp3	서준아. 네 책상 서랍에 영수증이 가득한 거, 나 알아. 우리가 같이 간 식당이랑 영화관 영수증이지. 처음엔 정리를 못 하는 사람인 줄 알았어. 날짜순으로 모아 둔 걸 보고 나서야 알았지. 그런데 서준아, 이제 서랍이 모자랄 거야. 앞으로 모을 게 훨씬 많거든. 서랍은 내가 하나 더 사 줄게. 대신 오래된 것부터 버리진 마. 나는 그 서랍이, 우리가 같이 걸어온 길 같아서 좋아.	213	154	28	새로	letter:each
부모님 덕담	없음	1	장면 하나	신랑 아버지	대진	12_bless-father.mp3	이 년 전 어느 저녁, 서준이가 하윤이를 데리고 왔습니다. 스물일곱, 둘 다 아직 자리도 못 잡았을 때였지요. 저는 대뜸 뭐가 그리 급하냐고 했습니다. 그때 서준이가 뭐라고 했는지 아십니까? 급한 게 아니라, 확실한 거라고 하더군요. 사실은 믿고 싶었는데, 아버지라서 쉽게 믿어 주지 못했습니다. 살아 봐야 안다고, 괜히 어른 티를 냈지요. 그렇게 이 년이 지났습니다. 그동안, 둘이 다투는 모습을 저는 한 번도 못 봤습니다. 다툰 날이 없었을 리 없지요. 서로를 감싸느라, 부모 앞에서는 늘 웃었던 겁니다. 이제는 말할 수 있습니다. 제가 틀렸고, 두 사람이 옳았습니다. 서준아, 하윤아, 그때 내가 한 말은 잊고, 오늘의 약속만 오래 기억해라. 너희는 처음부터 확실했다. 그리고 부탁이 하나 있어. 싸워도 좋은데, 대신 등 돌리고 잠들지는 마라. 아버지도 아직 연습 중이거든.	436	325	71	녹음됨(그대로)	bless
부모님 덕담	없음	1	장면 하나	신부 어머니	연화	13_bless-mother.mp3	하윤이 엄마입니다. 우리 딸은 어릴 때부터 저를 안 닮았어요. 저는 하고 싶은 말이 있으면, 그 자리에서 다 해야 하는 사람입니다. 하윤이는 할 말이 있어도, 사흘쯤 두었다가 짧게 한마디 합니다. 서른 해 가까이 같이 살았어도, 그 사흘은 저한테 늘 길었습니다. 서준이를 처음 데려온 날, 밥을 먹는 내내 아무 얘기가 없길래, 제가 먼저 물었어요. 그랬더니 하윤이 대신, 서준이가 대답을 하는 거예요. 하윤 씨가 말할 때까지 기다리는 중이었답니다. 그 순간 저도 모르게 젓가락을 멈췄습니다. 사흘을 길다고 생각하지 않는 사람이 여기 있구나, 했지요. 서준아, 기다려 주는 거, 아무나 하는 게 아니야. 고맙다. 하윤아, 너도 이제 할 말 있으면 사흘씩 두지 말고 서준이한테 먼저 말해라. 둘이 아프지 말고, 서로 아끼면서 살아. 엄마는 그거면 된다.	419	311	69	녹음됨(그대로)	bless
부모님 덕담	없음	2	담백	신랑 아버지	대진	609_bless-father.mp3	신랑 아버지 이만수입니다. 먼저, 귀한 걸음 해 주신 여러분께 감사드립니다. 저는 긴 말을 잘 못합니다. 그래서 두 사람에게, 세 가지만 부탁하겠습니다. 첫째, 밥은 같이 먹어라. 바빠도 하루 한 끼는 마주 앉아라. 둘째, 고맙다는 말은 아끼지 마라. 아끼면 녹슨다. 셋째, 우리 걱정은 하지 마라. 우리는 우리대로 잘 지낸다. 너희 둘이 잘 지내는 게, 우리한테는 제일 큰 선물이다. 서준아, 하윤아. 결혼 축하한다.	234	175	38	새로	bless
부모님 덕담	없음	2	담백	신부 어머니	연화	610_bless-mother.mp3	신부 어머니 김영자입니다. 오늘 이 자리에 서니, 하윤이가 처음 학교 가던 날이 생각납니다. 교문 앞에서 한참을 서 있었어요. 한 번은 뒤를 돌아볼 줄 알았는데, 끝까지 안 돌아보더라고요. 서운하면서도 대견했습니다. 오늘도 꼭 그 마음입니다. 서준아, 우리 하윤이 잘 부탁한다. 하윤아, 너도 서준이 잘 챙겨라. 누가 먼저랄 것 없이, 서로 챙기면서 살아라. 그러면 엄마는 더 바랄 게 없다.	219	164	36	새로	bless
부모님 덕담	없음	3	유머+진심	신랑 아버지	대진	709_bless-father.mp3	서준이 아버지입니다. 서준이가 어릴 때, 제 구두를 신고 현관을 쿵쾅거리며 돌아다니곤 했습니다. 구두가 헐렁해서 한 걸음마다 벗겨지는데도, 그렇게 좋아하더군요. 그 아이가 오늘, 제 구두보다 큰 구두를 신고 저기 서 있습니다. 솔직히 말씀드리면, 오늘 아침에는 제 구두가 조금 작아 보였습니다. 서준아, 큰 구두는 걸음이 무겁다. 그래도 그 걸음이 하윤이 쪽으로 가면, 무거운 줄 모를 거다. 하윤아, 서준이가 고집부리면 발을 한 번 밟아 줘라. 내가 허락한다.	258	195	42	새로	bless
부모님 덕담	없음	3	유머+진심	신부 어머니	연화	710_bless-mother.mp3	신부 엄마입니다. 오늘은 서준이한테, 인수인계를 좀 하려고 합니다. 하윤이는 아침잠이 많습니다. 알람은 세 번 울려야 겨우 몸을 돌립니다. 그다음엔 커튼을 열어 줘야 하고요. 그래도 안 일어나면, 된장찌개를 끓이면 됩니다. 냄새가 나면 일어납니다. 서른 해 가까이 제가 하던 일인데, 오늘부터는 서준이 몫입니다. 서준아, 힘들면 엄마한테 전화해라. 찌개 끓이는 법은 알려 줄게. 하윤아, 너도 가끔은 먼저 일어나서 서준이 깨워 줘라. 그렇게 번갈아 깨워 주면서, 오래오래 같이 아침 맞아라.	274	209	45	새로	bless
부모님께 인사	한마디씩	1	담백	신랑	진한	503_tribute-one-groom.mp3	아버지, 어머니. 키워 주셔서 고맙습니다. 두 분이 사신 것처럼, 저희도 서로 아끼면서 살겠습니다.	55	43	7	새로	tribute:one
부모님께 인사	한마디씩	1	담백	신부	예슬	504_tribute-one-bride.mp3	엄마, 아빠. 고맙다는 말, 오늘은 미루지 않을게요. 저를 이만큼 키워 주셔서, 정말 감사해요.	53	41	7	새로	tribute:one
부모님께 인사	한마디씩	2	다정	신랑	진한	611_tribute-one-groom.mp3	엄마, 아빠. 오늘은 제가 먼저 안아 드릴게요. 어릴 때 두 분이 저한테 해 주셨던 것처럼요.	52	38	7	새로	tribute:one
부모님께 인사	한마디씩	2	다정	신부	예슬	612_tribute-one-bride.mp3	엄마, 아빠. 두 분 딸로 태어나서, 저는 참 운이 좋았어요. 그 복, 서준이랑 나눠 쓰면서 잘 살게요.	58	42	8	새로	tribute:one
부모님께 인사	한마디씩	3	유머+진심	신랑	진한	711_tribute-one-groom.mp3	아버지, 어머니. 드디어 제 방을 비워 드립니다. 창고로 쓰셔도 되는데, 가끔 자고 갈 수 있게 침대는 남겨 주세요.	65	48	9	새로	tribute:one
부모님께 인사	한마디씩	3	유머+진심	신부	예슬	712_tribute-one-bride.mp3	엄마, 아빠. 나 오늘 예쁘지? 두 분 닮아서 그래. 키워 줘서, 정말 고마워.	44	32	6	새로	tribute:one
부모님께 인사	서로의 부모님께 한마디씩	1	담백	신랑	진한	505_tribute-cross-groom.mp3	어머님, 아버님. 하윤이를 이렇게 좋은 사람으로 키워 주셔서 감사합니다. 저도 두 분께 좋은 아들이 되겠습니다.	62	48	8	새로	tribute:cross
부모님께 인사	서로의 부모님께 한마디씩	1	담백	신부	예슬	506_tribute-cross-bride.mp3	어머님, 아버님. 서준 씨를 이렇게 다정한 사람으로 키워 주셔서 감사해요. 저도 두 분께 편한 딸이 될게요.	60	45	8	새로	tribute:cross
부모님께 인사	서로의 부모님께 한마디씩	2	다정	신랑	진한	613_tribute-cross-groom.mp3	어머님, 아버님. 오늘부터 저를 아들이라고 불러 주세요. 저도 편하게, 자주 찾아뵙겠습니다.	51	41	7	새로	tribute:cross
부모님께 인사	서로의 부모님께 한마디씩	2	다정	신부	예슬	614_tribute-cross-bride.mp3	어머님, 아버님. 처음 인사드리러 간 날, 제 밥 위에 반찬을 제일 많이 올려 주셨지요. 그날부터 저는, 이 집 식구가 되고 싶었어요.	75	55	10	새로	tribute:cross
부모님께 인사	서로의 부모님께 한마디씩	3	유머+진심	신랑	진한	713_tribute-cross-groom.mp3	어머님, 아버님. 하윤이가 제 말을 안 들으면, 두 분께 일러도 될까요? 대신 제가 잘못하면, 하윤이 편 드셔도 됩니다.	67	50	9	새로	tribute:cross
부모님께 인사	서로의 부모님께 한마디씩	3	유머+진심	신부	예슬	714_tribute-cross-bride.mp3	어머님, 아버님. 명절마다 서준 씨 어릴 때 사진, 한 장씩만 보여 주세요. 그 대신, 서준 씨는 제가 잘 챙길게요.	65	47	9	새로	tribute:cross
부모님께 인사	1분쯤씩	1	장면 하나	신랑	진한	14_tribute.mp3	어머니는 제가 스무 살이 되던 해부터, 제 방에 그냥 들어오신 적이 없습니다. 꼭 두 번 두드리고 기다리셨고요. 저는 그게 예의라고만 생각했습니다. 사실은 아들을 어른으로 대해 주신 거였다는 걸, 이제 압니다. 아버지는 제가 뭘 하겠다고 할 때마다, 이유를 세 개씩 물으셨습니다. 저는 잔소리로 들었지요. 세 개를 다 대지 못하면, 아직 아니라는 뜻이었습니다. 오늘은 세 개를 다 댈 수 있습니다. 하윤이랑 살고 싶고, 하윤이랑 늙고 싶고, 하윤이 옆이 제일 편합니다. 이유를 세 개 대는 법도, 문 앞에서 기다려 주는 법도, 다 두 분께 배웠습니다. 고맙습니다. 아버지, 이제 물어보세요. 어머니, 오늘은 두드리지 않으셔도 됩니다. 그냥 들어오세요.	364	272	49	녹음됨(그대로)	tribute:long
부모님께 인사	1분쯤씩	1	장면 하나	신부	예슬	507_tribute-long-bride.mp3	엄마, 아빠. 제가 중학생 때, 아빠가 제 라디오를 고쳐 준다고 밤늦게까지 식탁에서 분해하셨던 거 기억하세요? 아침에 나와 보니, 라디오는 그대로 조용하고 식탁 위에 나사가 하나 남아 있었어요. 아빠는 부품이 모자랐다고 하셨죠. 엄마는 그 나사를 보고 웃으면서, 그래도 밤새 붙잡고 있었으니 됐다고 하셨고요. 저는 그날 라디오 없이 공부했는데, 이상하게 하나도 속상하지 않았어요. 고치지 못해도, 끝까지 붙잡고 있는 사람들 밑에서 자랐으니까요. 저도 그렇게 살게요. 잘 안 풀리는 날에도, 서준이랑 끝까지 붙잡고 있을게요.	292	223	39	새로	tribute:long
부모님께 인사	1분쯤씩	2	담백	신랑	진한	615_tribute-long-groom.mp3	아버지, 어머니. 저는 두 분께 이런 말씀을 드려 본 적이 거의 없습니다. 그래서 짧게라도, 제대로 하겠습니다. 저를 키우시느라, 두 분은 하고 싶은 걸 많이 미루셨을 겁니다. 여행도, 쉬는 날도, 두 분만의 시간도요. 저는 그걸 당연하게 받았습니다. 두 분이 얼마나 많은 걸 참으셨는지, 저는 아직 다 알지 못합니다. 다 알게 될 때까지, 천천히 갚겠습니다. 이제는 그 미뤄 둔 시간을, 두 분께 돌려 드리고 싶습니다. 저희 걱정은 내려놓으시고, 하고 싶으셨던 거 하시면서 지내세요. 저희가 자주 찾아뵙겠습니다.	287	214	38	새로	tribute:long
부모님께 인사	1분쯤씩	2	담백	신부	예슬	616_tribute-long-bride.mp3	엄마, 아빠. 두 분께 받은 게 너무 많아서, 다 셀 수가 없어요. 그래서 오늘은 하나만 말할게요. 두 분은 제가 틀렸을 때도, 밖에서는 먼저 제 편을 들어 주셨어요. 그리고 나중에, 둘만 있을 때 조용히 말해 주셨죠. 중학교 때 제가 친구랑 크게 다투고 들어온 날도 그랬어요. 그날은 제 얘기만 들어 주시고, 다음 날 아침에야 친구 입장도 한번 생각해 보라고 하셨어요. 그게 얼마나 큰 배려였는지, 이제 알아요. 저도 서준이한테 그렇게 할게요. 밖에서는 먼저 편이 되고, 둘이 있을 때 조용히 말하는 사람이요. 두 분께 배운 대로 살게요.	302	220	40	새로	tribute:long
부모님께 인사	1분쯤씩	3	다정	신랑	진한	715_tribute-long-groom.mp3	엄마, 아빠. 오늘 이 옷 입고 거울을 봤는데, 아빠 젊을 때 사진이랑 똑같더라고요. 엄마가 그 사진을 왜 그렇게 오래 식탁 옆에 두셨는지, 오늘 좀 알 것 같아요. 저는 두 분한테서, 싸우는 법보다 화해하는 법을 배웠어요. 아빠는 늘 먼저 미안하다고 했고, 엄마는 늘 먼저 밥 먹자고 했죠. 어릴 땐 그게 싸움이 끝나는 신호인 줄도 몰랐어요. 밥상에 앉으면, 두 분은 벌써 웃고 계셨으니까요. 저도 그렇게 할게요. 먼저 미안하다고 하고, 먼저 밥 먹자고 할게요. 두 분이 보여 주신 대로, 하윤이랑 오래 사이좋게 살게요. 고마워요, 엄마 아빠.	305	223	41	새로	tribute:long
부모님께 인사	1분쯤씩	3	다정	신부	예슬	716_tribute-long-bride.mp3	엄마, 아빠. 어릴 때 무서운 꿈을 꾸면, 엄마 아빠 사이에 누워서 잤잖아. 그 자리가 세상에서 제일 따뜻했어. 크면서 잊고 살았는데, 오늘 두 분 앞에 서니까 다시 생각나. 아빠 코 고는 소리도, 엄마가 이불을 목까지 덮어 주던 손도. 이제 나는 내 자리를 찾아서 가. 서준이 옆자리. 거기도 그 자리만큼 따뜻하게 만들어 볼게. 그래도 가끔은 옛날처럼, 두 분 사이에 끼어서 자고 싶을 거야. 그때는 받아 줘. 고마워, 사랑해.	240	175	32	새로	tribute:long
축배	축배만 · 케이크와 축배	1	담백	신랑	진한	508_toast-groom.mp3	오늘 와 주셔서 고맙습니다.	15	12	2	새로	toast:toast|both
축배	축배만 · 케이크와 축배	1	담백	신부	예슬	509_toast-bride.mp3	저희 두 사람의 첫날을 위하여!	17	13	2	새로	toast:toast|both
축배	축배만 · 케이크와 축배	2	다정	신랑	진한	617_toast-groom.mp3	부모님, 그리고 여기 계신 모든 분, 감사합니다.	27	21	4	새로	toast:toast|both
축배	축배만 · 케이크와 축배	2	다정	신부	예슬	618_toast-bride.mp3	우리 모두의 건강을 위하여!	15	12	2	새로	toast:toast|both
축배	축배만 · 케이크와 축배	3	유머+진심	신랑	진한	717_toast-groom.mp3	오늘 와 주신 걸음, 맛있는 밥으로 꼭 갚겠습니다.	28	21	4	새로	toast:toast|both
축배	축배만 · 케이크와 축배	3	유머+진심	신부	예슬	718_toast-bride.mp3	다음에 또 만날 날을 위하여!	16	12	2	새로	toast:toast|both
축하의 말	1 · 2 · 3분(여는 말)	1	장면 하나	신부 오빠	새 성우(신부 오빠)	510_speech-open-brother.mp3	신부 오빠 정민재입니다. 하윤이보다 세 살 많습니다. 제 동생 결혼식에서 축사를 하게 될 줄은, 하윤이가 제 과자를 몰래 먹던 시절엔 상상도 못 했습니다. 제가 이런 자리에 서는 게 처음이라, 적어 온 대로 읽겠습니다. 오늘은 오빠로서, 동생에게 인사를 하려고 이 자리에 섰습니다.	157	117	21	새로	free:speech:1|2|3
축하의 말	2 · 3분(이야기 하나)	1	장면 하나	신부 오빠	새 성우(신부 오빠)	511_speech-story1-brother.mp3	하윤이가 초등학생 때, 제 자전거를 몰래 타다가 넘어진 적이 있습니다. 무릎이 다 까졌는데도, 저한테 들킬까 봐 울지도 않고 집에 왔어요. 그날 밤 약을 발라 주면서, 다음부터 타고 싶으면 말하라고 했습니다. 하윤이는 고개만 끄덕였는데, 그 뒤로 한 번도 말한 적이 없어요. 대신 제가 자전거를 세워 둘 때마다, 안장이 늘 조금씩 내려가 있었습니다. 저는 모른 척했습니다. 동생이 그렇게 조금씩 크는 걸 보는 게, 저는 좋았습니다.	241	179	32	새로	free:speech:2|3
축하의 말	3분(이야기 둘)	1	장면 하나	신부 오빠	새 성우(신부 오빠)	512_speech-story2-brother.mp3	그 동생이 서준 씨를 데려온 날, 저는 솔직히 좀 까다롭게 굴었습니다. 이것저것 묻고, 대답을 한참씩 기다렸지요. 서준 씨는 끝까지 차분하게 대답하더니, 마지막에 저한테 이렇게 말했습니다. 형님, 하윤이가 형님 얘기를 제일 많이 합니다. 그 한마디에 제가 졌습니다. 동생이 저를 그렇게 얘기하고 다닌 줄도 몰랐고, 그 말을 저한테 전해 주는 사람이라서 좋았습니다. 그날 알았습니다. 이 사람이면, 하윤이 말을 흘려듣지 않겠구나.	239	182	32	새로	free:speech:3
축하의 말	1 · 2 · 3분(맺는 말)	1	장면 하나	신부 오빠	새 성우(신부 오빠)	513_speech-close-brother.mp3	서준 씨, 하윤이는 힘들어도 힘들다는 말을 잘 안 합니다. 그럴 땐 한 번만 먼저 물어봐 주세요. 하윤아, 결혼 축하한다. 오늘 네가 제일 예쁘다. 오빠가 인정한다. 그리고 오빠는 언제나 네 편이다. 두 사람, 오래오래 사이좋게 지내세요.	133	99	18	새로	free:speech:1|2|3
축하의 말	1 · 2 · 3분(여는 말)	2	다정	신랑 친구	새 성우(신랑 친구)	619_speech-open-friend.mp3	안녕하세요, 신랑 이서준의 대학 친구 최도현입니다. 스무 살에 기숙사 옆방에서 만났으니, 서준이를 안 지 벌써 십 년이 다 되어 갑니다. 그동안 좋은 날도, 힘든 날도 옆에서 같이 봤는데, 오늘처럼 환하게 웃는 얼굴은 저도 처음 봅니다. 하윤 씨, 제 친구를 이렇게 웃게 해 주셔서 고맙습니다.	164	121	22	새로	free:speech:1|2|3
축하의 말	2 · 3분(이야기 하나)	2	다정	신랑 친구	새 성우(신랑 친구)	620_speech-story1-friend.mp3	하윤 씨는 모르실 수도 있는, 대학 때 서준이 얘기를 하나 해 드리겠습니다. 저희가 같이 여행을 간 적이 있는데, 기차를 놓쳐서 역에서 네 시간을 기다려야 했습니다. 다들 짜증을 내는데, 서준이 혼자 역 앞 분식집에 가서 떡볶이를 사 왔어요. 그러고는, 이렇게 된 김에 여기 떡볶이나 먹어 보자고 하더군요. 그날 먹은 떡볶이 얘기를, 저희는 아직도 합니다. 서준이는 그런 친구입니다. 일이 틀어져도, 그 자리에서 할 수 있는 좋은 걸 먼저 찾습니다. 하윤 씨, 살다 보면 기차를 놓치는 날도 있겠지요. 그런 날, 옆에 서준이가 있으면 든든하실 겁니다.	308	227	41	새로	free:speech:2|3
축하의 말	3분(이야기 둘)	2	다정	신랑 친구	새 성우(신랑 친구)	621_speech-story2-friend.mp3	서준이한테도 한마디 하겠습니다. 너는 네 일은 대충 넘기면서, 남의 일은 끝까지 챙기잖아. 이사 도와 달라고 하면 제일 먼저 오고, 제일 늦게 가고. 그런데 정작 네 이사 때는, 아무한테도 말을 안 했지. 나중에 알고 얼마나 서운했는지 모른다. 이제는 하윤 씨가 옆에 있으니, 무거운 건 혼자 들지 마라. 둘이 들면 반으로 준다. 그리고 우리한테도 좀 말해라. 이번엔 우리가 제일 먼저 가고, 제일 늦게 가겠다.	230	169	31	새로	free:speech:3
축하의 말	1 · 2 · 3분(맺는 말)	2	다정	신랑 친구	새 성우(신랑 친구)	622_speech-close-friend.mp3	두 사람 앞날에, 좋은 날만 있지는 않겠지요. 그래도 오늘처럼 서로를 먼저 챙기면, 어떤 날도 잘 지나갈 겁니다. 서준아, 결혼 축하한다. 하윤 씨, 앞으로 서준이 잘 부탁드립니다.	101	76	13	새로	free:speech:1|2|3
축하의 말	1 · 2 · 3분(여는 말)	3	유머+진심	신부 오빠	새 성우(신부 오빠)	719_speech-open-brother.mp3	신부 오빠 정민재입니다. 오늘 제가 여기 서게 된 건, 동생이 부탁해서가 아니라 제가 먼저 하겠다고 우겨서입니다. 동생이 결혼하는 날, 오빠가 할 말이 없을 리가 없으니까요. 사실 어젯밤에 원고를 몇 번이나 고쳤는데, 고칠 때마다 길어졌습니다. 동생이 짧게 하라고 신신당부를 했으니, 최대한 줄여 보겠습니다.	172	131	23	새로	free:speech:1|2|3
축하의 말	2 · 3분(이야기 하나)	3	유머+진심	신부 오빠	새 성우(신부 오빠)	720_speech-story1-brother.mp3	어릴 때 저희 집 리모컨은 늘 하윤이 차지였습니다. 제가 먼저 잡아도, 하윤이가 엄마를 부르면 끝이었어요. 치킨을 시키면 다리 두 개는 당연히 하윤이 몫이었고요. 저는 그게 억울해서, 한동안 동생을 이겨 보려고 이것저것 궁리했습니다. 결과는 전패였습니다. 그런데 커서 보니, 하윤이는 한 번도 저를 이기려고 한 적이 없더라고요. 제가 힘든 날엔, 조용히 리모컨을 제 쪽에 두고 갔습니다. 저는 그게 지는 법인 줄 알았는데, 사실은 챙기는 법이었습니다.	252	190	34	새로	free:speech:2|3
축하의 말	3분(이야기 둘)	3	유머+진심	신부 오빠	새 성우(신부 오빠)	721_speech-story2-brother.mp3	그래서 서준 씨가 처음 인사 왔을 때, 저는 미리 경고하려고 했습니다. 우리 집에서 리모컨은 포기하셔야 한다고요. 그런데 서준 씨가 먼저 말하더군요. 하윤 씨가 보고 싶은 거 보면, 자기는 옆에서 같이 보면 된다고요. 그 말을 듣고 알았습니다. 이 사람은 이미 이기는 법을 알고 있구나. 져 주면서 옆에 있는 법이요. 서준 씨, 그 마음이면 저희 집 식구로 충분합니다.	206	151	27	새로	free:speech:3
축하의 말	1 · 2 · 3분(맺는 말)	3	유머+진심	신부 오빠	새 성우(신부 오빠)	722_speech-close-brother.mp3	하윤아, 이제는 좋은 건 반씩, 힘든 건 둘이 같이 나눠 가져라. 서준 씨, 제 동생 잘 부탁합니다. 두 사람, 결혼 진심으로 축하합니다.	77	56	10	새로	free:speech:1|2|3
성혼 선언	가족이 낭독	1	한 분이 읽기	신랑 아버지	대진	514_declare-father.mp3	신랑 신부는, 이 자리에 함께한 우리 모두를 증인으로, 서로의 평생이 되었습니다. 이로써 두 사람의 성혼을 선언합니다.	66	51	11	새로	declare:family
성혼 선언	가족이 낭독	2	한 분이 읽기	신부 어머니	연화	623_declare-mother.mp3	신랑 신부는, 이 자리에 함께한 우리 모두를 증인으로, 서로의 평생이 되었습니다. 이로써 두 사람의 성혼을 선언합니다.	66	51	11	새로	declare:family
성혼 선언	가족이 낭독	3	양가 부모님 나눠 읽기	신랑 아버지	대진	723_declare-father-part.mp3	신랑 신부는, 이 자리에 함께한 우리 모두를 증인으로, 서로의 평생이 되었습니다.	45	35	7	없음(같은 글 재사용 [DUP_ONCE])	declare:family
성혼 선언	가족이 낭독	3	양가 부모님 나눠 읽기	신부 어머니	연화	724_declare-mother-part.mp3	이로써 두 사람의 성혼을 선언합니다.	20	16	3	없음(같은 글 재사용 [DUP_ONCE])	declare:family

# 총 행(클립) 70 · 새로 녹음할 클립 59 · 이미 녹음됨 9 · 같은 글 재사용 2
# 성우별 새 클립: 진한 20 · 예슬 21 · 대진 3 · 연화 3 · 새 성우(신부 오빠) 8 · 새 성우(신랑 친구) 4
# 성우별 새로 받을 문장(같은 글 한 번 · 이미 녹음된 문장 뺌): 진한 100 · 예슬 109 · 대진 24 · 연화 24 · 새 성우(신부 오빠) 50 · 새 성우(신랑 친구) 26
# 글자수 = len(글) · 공백뺀글자수 = len(글.replace(" ", "")) · 어림초 = 글자수 ÷ 7.5(부모님 6.1) · 기존 녹음 06~15 실측 속도
